-8.801431,-9.190070,-8.014227,-13.304951
-10.531556,-9.781799,-9.585090,-5.323417
-8.575502,-11.303590,-10.976497,3.379873
-10.241353,-10.850642,-10.617807,-13.528838
-12.485652,-10.278337,-10.447410,-17.897799
-7.584523,-11.698298,-9.716471,1.108118
-11.728282,-8.688082,-9.585959,-14.748088
-9.845144,-9.491607,-8.793476,1.351845
-10.677099,-9.224776,-9.954289,6.476818
-9.260562,-10.555462,-9.523911,9.111881
-10.238596,-9.672079,-10.049869,14.463290
-8.358012,-10.125871,-9.388126,-1.730027
-10.435528,-9.389232,-10.201176,-3.520998
-9.639815,-9.234342,-9.447638,-18.673690
-8.886298,-9.905641,-9.647956,11.186302
-10.557934,-9.145701,-9.870147,16.706961
-11.723338,-8.094013,-10.831680,-18.492330
-10.644628,-9.706128,-10.571342,3.638177
-10.117850,-9.511383,-9.488408,13.512658
-10.927778,-9.143592,-12.069893,9.902616
-10.523276,-10.008092,-9.814595,7.086712
-11.119008,-10.104580,-9.254711,19.795565
-11.183509,-11.063436,-9.453020,-0.314224
-10.713495,-11.902218,-9.444714,-10.742962
-10.351246,-10.612043,-9.889254,11.820721
-10.159094,-8.923092,-9.579874,8.473764
-10.143935,-11.156739,-8.689170,-11.430153
-10.936839,-9.324249,-10.382416,9.840282
-10.072144,-10.563861,-9.488409,3.317390
-10.346838,-10.940704,-10.741929,12.205540
-10.257018,-9.920491,-9.945853,-2.758412
-12.589233,-9.628864,-8.955037,-17.027804
-10.604119,-9.336093,-9.191575,-5.814231
-10.882899,-9.173290,-10.245285,-15.665240
-11.540060,-10.239763,-11.029084,5.921265
-9.817788,-11.681641,-10.980027,13.473366
-8.005821,-9.793036,-10.797909,-1.232607
-9.084598,-10.853286,-11.047415,-13.437864
-8.639532,-8.942102,-11.287082,-14.932808
-10.631060,-10.112019,-9.177523,11.967727
-11.206638,-9.071774,-7.277261,9.710029
-10.731939,-10.861932,-10.994391,-8.736858
-10.644143,-10.704532,-11.072684,10.060876
-9.704433,-7.773293,-10.588181,-12.279515
-9.638772,-10.089209,-10.118410,3.684802
-10.557565,-9.952125,-8.795132,1.628059
-10.423773,-9.417549,-9.542805,14.140309
-10.201850,-11.344097,-8.599719,18.059387
-11.624676,-8.752219,-9.014932,6.133690
-10.862608,-10.076295,-10.606790,1.396462
-10.431651,-9.505364,-10.202159,6.756838
-10.265050,-9.577842,-11.206097,-7.132396
-10.507852,-11.587578,-9.379205,-12.109187
-9.994965,-10.377821,-11.077431,-3.556254
-11.498403,-10.895647,-9.565687,15.593957
-9.299424,-9.432060,-9.254203,16.178908
-11.466163,-10.236403,-8.149815,2.031838
-9.917808,-10.382080,-9.498360,19.027600
-9.559379,-11.599399,-12.876616,7.779957
-11.394926,-10.089492,-11.169515,-19.561244
-12.908899,-9.948191,-9.865008,-3.902552
-10.696149,-10.481344,-11.301201,-14.560292
-10.679028,-8.980625,-11.149911,-9.800041
-10.000443,-10.744840,-10.355586,-7.540364
-10.270688,-11.488108,-10.068564,16.653621
-11.729870,-10.240116,-10.883965,0.330334
-8.428465,-10.779161,-10.482335,6.501829
-10.782365,-9.681680,-9.562931,3.562448
-9.108407,-9.426748,-10.277695,-4.167114
-11.753608,-9.746402,-10.678016,12.155953
-11.799528,-11.087999,-10.785098,-9.899910
-10.213507,-11.294359,-10.567690,-19.542401
-12.737084,-8.365487,-9.175021,1.065674
-9.516624,-11.167347,-10.471664,12.328832
-10.586668,-11.349058,-9.359333,-4.866167
-9.440281,-9.894095,-10.959916,-18.633308
-9.580312,-10.102052,-10.213658,2.001396
-9.724463,-11.065580,-10.376425,-4.739021
-10.167574,-9.759170,-8.574386,12.635113
-10.886310,-11.004425,-10.510737,17.628951
-9.406185,-9.447203,-11.252563,16.471421
-8.617628,-10.079600,-10.074611,-4.209689
-12.345981,-8.072457,-11.321419,-3.063911
-10.241770,-10.590674,-10.411789,3.894319
-9.842287,-9.084920,-9.244783,-2.160359
-8.021505,-10.000678,-8.889106,17.290491
-9.934102,-10.413203,-10.118862,-2.786317
-8.655061,-10.938610,-9.756551,-15.266516
-11.537684,-9.862481,-11.097438,-9.897150
-9.204274,-8.299176,-10.359434,16.254884
-10.994813,-10.747154,-10.711214,16.787091
-11.362277,-11.046579,-10.099362,-6.729194
-10.918622,-9.219480,-10.058304,-13.634609
-9.966900,-10.528678,-8.775289,-5.263184
-9.574073,-8.940318,-10.350064,10.736086
-9.594467,-9.888552,-10.715455,18.446525
-9.836870,-9.163694,-10.230351,4.679422
-10.914620,-8.934452,-10.308914,-15.719952
-9.645370,-8.324843,-10.315976,-14.228097
-9.268084,-10.257263,-10.972999,-18.382180
-11.496200,-8.627400,-12.159150,10.286576
-9.602804,-10.120176,-9.952072,-2.340629
-9.219178,-9.977253,-9.183914,12.528921
-9.642741,-10.023493,-9.612553,-16.740015
-10.115744,-7.098521,-11.701699,-15.497435
-11.825264,-10.663245,-8.556731,-2.334672
-11.848508,-11.498485,-11.319712,-4.519538
-10.561024,-9.654853,-9.815862,4.541721
-10.324931,-9.811240,-11.955428,-19.963432
-9.666178,-11.106553,-8.571412,-13.292611
-9.543086,-8.497549,-9.796052,-4.907156
-11.947476,-10.536207,-12.391731,-1.731673
-8.648710,-10.667013,-9.197824,7.726405
-8.872236,-7.677598,-10.546724,14.161960
-9.528987,-10.203096,-9.357151,12.482334
-9.980203,-10.207815,-10.124397,-8.364279
-9.286793,-9.827634,-8.519210,7.389386
-11.418725,-11.354449,-9.846641,19.106293
-9.124152,-9.417961,-9.446304,5.371837
-9.885446,-9.347747,-9.712284,-9.555835
-10.096391,-11.256137,-10.811407,-18.852968
-10.971854,-10.174772,-10.366862,-18.699179
-11.300730,-10.225860,-10.998294,-3.060823
-9.111171,-8.334487,-9.585141,15.002177
-10.293328,-11.560723,-7.966861,-8.391031
-10.633521,-9.490381,-9.642834,-6.518273
-8.987446,-10.236942,-10.537691,-7.163178
-11.739621,-9.794634,-10.734921,-11.159654
-8.674238,-7.546206,-12.038232,-12.087186
-10.352634,-10.774977,-10.907247,19.779957
-10.002369,-8.912244,-9.306847,18.704330
-12.132853,-8.658544,-11.577786,6.904378
-9.610569,-8.331757,-9.027289,10.870500
-10.339008,-10.561911,-12.122428,-3.854373
-10.541627,-9.274359,-10.118874,14.012923
-9.448933,-9.642533,-8.631917,-9.732618
-12.195588,-9.770516,-10.888709,14.466589
-10.758465,-11.891768,-8.668858,-1.374661
-9.256738,-10.678542,-11.267615,-6.476335
-11.792734,-10.597507,-8.909512,15.131896
-11.435079,-10.459406,-11.400252,2.456913
-9.565901,-9.528676,-8.173189,-5.861029
-11.578085,-9.509282,-9.117299,15.855808
-11.241905,-8.876428,-9.388406,-9.212570
-11.759991,-8.916745,-9.433460,12.272145
-9.832700,-9.874191,-8.313505,17.096058
-10.832447,-8.373709,-8.894825,17.863324
-10.983256,-10.235647,-9.748888,3.376939
-10.164517,-8.446075,-10.303258,-11.820619
-12.307083,-12.328446,-9.947310,-15.165058
-10.184298,-9.891361,-9.964964,-18.296971
-11.303679,-8.108006,-10.059857,-14.121159
-8.828665,-9.657737,-9.790227,15.592492
-8.919654,-9.185542,-9.919326,-2.213753
-10.588960,-10.064209,-9.088109,-12.896223
-10.510640,-8.490398,-10.239470,-16.963376
-9.315483,-10.299586,-9.238176,5.806649
-10.202865,-9.851034,-11.563770,7.900117
-12.243162,-10.614685,-9.903558,-7.592429
-9.769997,-8.993439,-9.753858,-14.945391
-9.991856,-10.068854,-11.565957,2.042478
-11.077609,-12.151221,-10.133296,3.437062
-11.368395,-10.073886,-10.461903,-11.894721
-13.188147,-11.724895,-10.504417,-4.260318
-10.452590,-10.255157,-10.127185,-6.847567
-11.995795,-10.556664,-8.887913,19.077400
-8.702225,-9.997187,-8.603922,4.577447
-10.326063,-10.240608,-9.970658,-12.340163
-9.815987,-9.341070,-10.095871,1.275995
-8.325760,-9.828943,-11.210664,-18.461115
-11.083632,-9.236820,-9.805504,5.828688
-10.111617,-11.719781,-9.622558,-16.703027
-10.093928,-9.835622,-11.746978,6.527489
-8.284216,-9.993637,-9.919290,-5.022202
-10.850778,-8.800967,-12.183353,-16.966277
-10.445793,-10.101177,-9.529437,-5.293300
-9.929527,-11.151101,-11.069649,-16.054441
-8.133142,-10.055456,-9.624845,-6.016295
-9.759676,-10.241829,-10.845717,6.259907
-10.704027,-10.077867,-11.538916,12.943459
-11.067412,-9.109350,-8.719729,-13.246281
-9.300075,-10.078078,-9.705293,17.880945
-10.656731,-11.217427,-9.406328,12.046921
-8.841552,-9.899687,-11.428420,3.625378
-9.784862,-9.765498,-9.027304,2.865670
-10.844924,-8.969183,-8.808321,7.712607
-10.022299,-10.803919,-10.810145,-7.628885
-9.452702,-11.895230,-10.773645,7.058941
-12.096083,-8.065564,-10.147735,5.857133
-11.318098,-9.029854,-8.666061,7.752037
-8.783794,-9.088621,-9.720162,-8.799502
-9.242702,-7.940682,-9.680615,-16.893765
-10.745957,-10.926096,-9.078427,13.586474
-9.066000,-10.231095,-7.543068,-9.070665
-12.016327,-9.085971,-9.355713,2.512113
-9.931753,-11.330892,-11.303241,-4.606201
-12.207402,-10.486184,-11.785804,18.894267
-10.862090,-9.617537,-10.900448,4.603728
-11.001959,-9.043538,-9.073663,-7.142859
-8.605177,-10.833009,-8.724194,15.795313
-9.146425,-11.211860,-9.224486,7.918080
-11.026895,-8.154426,-9.524082,-19.311505
-10.839817,-11.776602,-9.457346,6.950591
-9.968196,-9.886809,-11.216525,6.860635
-9.765193,-7.635295,-8.403524,15.188494
-9.611340,-7.343231,-11.523389,19.313723
-9.957722,-8.976860,-10.496972,18.620108
-9.656223,-9.836066,-9.810912,-6.220437
-11.243719,-10.282014,-9.210614,-18.365683
-9.894984,-10.207718,-8.427555,7.691852
-10.126892,-9.586350,-11.011180,7.016952
-10.237470,-10.646447,-9.839477,2.099152
-9.837706,-10.387970,-10.640580,-15.574045
-11.595126,-11.080143,-9.590629,9.451637
-10.159964,-10.042357,-10.061960,-4.223274
-8.295439,-10.742044,-10.040728,-17.120757
-9.780140,-11.862909,-11.055339,-10.300143
-8.578273,-9.556990,-9.562564,-18.566054
-10.241103,-10.541589,-9.353172,-3.855154
-9.495026,-10.026194,-10.039960,4.504535
-11.528680,-10.372741,-9.888980,-5.737688
-10.183499,-10.896307,-9.828481,-16.159558
-10.536934,-9.357987,-11.106684,-0.156507
-8.725769,-9.021746,-10.509373,12.521945
-9.073413,-8.317476,-10.638151,-18.409928
-11.215995,-10.199665,-9.116669,16.404435
-10.829033,-10.373436,-10.907965,-2.965408
-12.637173,-9.303298,-8.824036,-2.139883
-11.464145,-9.313448,-10.620590,0.418338
-10.949471,-8.905431,-10.385126,11.507246
-10.169490,-9.689878,-10.120731,3.558126
-9.224107,-8.623751,-9.793484,4.951082
-10.828263,-8.003408,-10.363700,-0.483890
-9.252777,-10.276907,-8.651842,13.992699
-10.579264,-9.563722,-9.808956,19.146488
-11.469844,-9.494593,-9.677389,-19.256187
-10.415386,-9.715497,-11.109953,19.275668
-10.863848,-8.882775,-9.087174,11.202402
-10.543193,-10.442257,-9.265196,-3.532387
-10.733812,-12.173853,-9.985352,2.163150
-11.301762,-8.884880,-9.882007,-12.831503
-10.618354,-9.436613,-11.807940,-11.876359
-10.628613,-11.073151,-10.993130,-15.171753
-10.418450,-9.456432,-10.636515,0.916874
-12.731404,-10.210924,-8.811712,-11.258561
-10.721304,-9.817521,-8.572873,-2.663510
-10.536363,-10.625800,-11.699872,-19.538816
-10.416439,-10.722568,-11.670279,-1.184869
-9.585591,-10.463331,-8.425084,0.554890
-10.786680,-11.322004,-9.052977,-11.714998
10.247305,8.757804,-11.110627,-6.280177
9.994508,8.802735,-7.785246,19.778481
9.500518,8.916902,-9.577603,-9.854307
10.527263,8.593377,-9.365913,10.902656
9.379827,9.889498,-9.326808,15.912182
8.793715,10.284337,-9.827505,17.017637
11.783336,8.743698,-11.831377,15.633665
8.245740,8.743450,-9.355018,-9.413017
8.866882,10.323890,-11.172886,-10.775094
9.988155,9.988752,-9.313674,14.077199
10.056712,9.276197,-9.567986,1.836975
10.659604,10.464658,-10.142263,-13.827437
9.560544,11.113420,-8.944750,-15.903002
8.599027,11.953851,-10.150848,-7.808475
11.476620,10.353957,-10.809720,-7.676628
9.629893,9.102694,-10.191818,-13.220461
10.990384,9.743779,-9.677920,-10.908692
11.874078,9.771052,-9.845611,2.046600
10.741390,10.127644,-10.784385,-12.148033
10.432197,9.962248,-9.927715,10.450728
9.971052,9.247845,-11.957741,11.706731
9.077845,9.298429,-8.860561,-18.415718
9.410310,9.875635,-8.426235,12.726060
9.563833,9.154345,-9.891151,-4.616249
10.169932,9.788061,-10.428296,-11.698588
9.206520,11.539192,-10.567709,7.672795
10.605021,8.996806,-9.751418,-14.061221
9.211588,10.425594,-9.384477,-3.650169
8.573775,9.945378,-10.317892,11.424443
10.335586,9.032987,-9.857822,8.901504
9.984420,9.396579,-11.662611,-12.137869
8.574758,10.361668,-10.821518,-10.243687
9.373621,10.402060,-9.320208,7.693486
9.733886,11.079702,-9.674260,-19.413427
9.466930,10.038338,-11.191093,-3.784697
9.932005,10.549360,-7.948465,-15.461832
9.546969,10.263102,-8.494174,15.799850
8.805483,8.343621,-10.406795,8.575528
9.468091,9.143070,-10.088565,18.644036
11.615214,10.291487,-11.169258,10.004048
9.197396,9.889170,-11.439651,5.855387
8.312867,10.457396,-9.380178,-18.637683
11.191408,8.748723,-11.008732,-19.700226
10.439333,10.076182,-8.452987,-18.946322
10.874348,10.146139,-8.085595,3.663818
10.348225,12.944468,-9.609624,-18.238797
10.858431,8.933631,-8.671838,-18.164273
8.818301,8.713419,-9.608513,-19.979570
10.380385,10.875347,-10.538110,-16.164196
9.771443,8.464383,-11.430173,12.107595
10.510079,10.810901,-10.537532,16.962032
11.021943,11.055767,-9.319341,15.307271
10.858017,10.156320,-10.229778,-2.538693
11.294862,11.268364,-10.922043,-1.916191
9.074980,11.074665,-11.092204,-6.550795
11.566553,9.090647,-8.509764,5.517411
8.572318,10.654119,-8.636460,6.395615
11.442517,10.973372,-10.162907,-16.199852
9.330570,8.599838,-10.410052,6.742429
8.639975,7.409561,-9.785849,9.642468
11.715447,10.972530,-11.339557,-15.444802
9.570447,10.342359,-11.455084,3.575712
9.831216,10.870595,-9.861336,10.492758
9.716583,10.123750,-7.806343,-6.327494
9.482486,9.160118,-8.693755,13.341713
10.022140,8.354652,-10.301359,0.770315
8.024667,9.345248,-9.604847,14.968234
10.886073,9.071229,-10.368189,12.837361
8.674329,9.208248,-8.487040,-11.868290
9.184214,10.207510,-11.605168,-10.081560
11.009474,10.918708,-9.642132,-3.436204
11.531300,8.506336,-8.785252,-17.777254
10.218813,9.813905,-9.934532,-1.222245
9.696529,8.744489,-9.839818,7.609895
8.784428,10.170946,-9.484875,10.508317
8.871992,10.904100,-8.373417,-4.082907
9.801203,9.747505,-10.071640,6.511094
7.742423,11.692596,-11.506541,-12.434833
9.944817,11.149545,-10.088678,3.152605
8.890009,9.040215,-9.658799,7.577405
10.323011,10.333351,-10.974176,-6.320889
9.695219,10.642928,-8.890452,-5.686256
7.421573,9.138654,-10.398512,10.960180
10.649401,10.751394,-10.571489,4.537941
9.499978,10.514847,-11.078029,-5.745803
9.348861,9.474672,-9.577075,0.424057
10.030934,9.753849,-10.153265,-18.578678
8.857989,9.746901,-10.047734,-5.324915
9.193095,10.465866,-11.575021,-18.368476
8.794427,9.763375,-8.784047,-12.928182
9.827884,10.011523,-10.556024,-6.388661
11.096110,11.084912,-10.254689,4.106728
9.953549,9.257571,-9.211296,16.863275
9.409244,8.539765,-9.892176,-17.805376
8.398526,10.262138,-11.076066,-8.498816
9.274206,10.288138,-9.107784,15.277582
10.458302,11.647838,-9.472040,-15.365361
9.339899,9.041256,-11.927679,-4.002935
7.659533,9.513607,-10.554351,5.894199
11.372376,11.285337,-10.882836,-8.644383
10.115913,11.265041,-8.897453,3.993362
9.267277,11.284428,-11.919295,16.976200
10.412772,9.611680,-8.856677,-12.934977
10.044773,10.165114,-12.027192,-13.927162
8.668080,10.625578,-9.380322,17.264723
9.493769,10.823575,-9.276691,-9.361548
10.088256,8.738727,-10.864720,4.949484
11.184994,10.263776,-10.422131,-5.261887
9.480322,10.437536,-12.404113,-5.931292
10.971392,8.953011,-9.530878,-18.855051
9.968109,8.387578,-9.837787,-5.472065
10.676190,9.637706,-9.348651,-14.580048
11.098319,11.202448,-9.021374,-16.505133
10.063666,10.595410,-9.630457,-18.846846
9.915462,8.738711,-11.185958,6.101321
10.941924,10.408662,-10.222663,-5.129815
9.107737,8.382111,-11.426461,16.937479
8.356595,8.028561,-10.607722,11.435118
11.362930,10.710199,-10.382594,-10.822981
7.930225,9.572280,-9.380485,14.359657
9.836954,10.353362,-10.338094,-15.740524
10.674580,9.711831,-11.109265,7.538952
9.078576,10.964325,-9.673949,-6.355339
9.887213,10.113404,-9.520366,-12.584115
9.278634,10.936361,-10.448355,18.010373
9.813679,9.697796,-10.975322,-11.336827
9.695854,9.224876,-9.550395,10.081681
9.572210,11.090642,-11.047066,-2.105191
10.339331,8.940634,-9.286530,1.106460
10.266973,9.311806,-7.694300,-0.878055
10.875822,10.958145,-9.785760,6.834906
9.221709,8.251847,-11.600605,15.898381
10.479301,10.413876,-9.672097,-19.559878
10.554295,11.177521,-10.765793,-12.469235
9.059035,11.572452,-10.379078,13.948677
9.535750,9.962705,-9.561686,-13.471411
8.265975,8.727130,-11.576302,11.415766
9.007847,9.449115,-11.043307,14.220392
8.954562,8.995651,-9.670624,-9.887935
8.457298,11.537367,-10.139026,8.052843
10.027551,9.822221,-10.763653,11.502025
7.732452,9.385021,-9.644702,14.788902
8.705764,10.619389,-9.385353,16.267547
10.021648,10.337444,-8.013818,9.592301
10.330439,11.475152,-9.387119,-17.314986
9.725224,7.590920,-10.422079,16.804920
10.373905,9.829663,-8.705282,-3.342429
10.483946,11.073175,-8.554980,-13.537397
9.997112,7.673219,-8.865944,-18.683299
9.454658,9.076063,-10.931996,-13.162463
11.337938,10.273688,-10.290178,-11.171555
9.535339,9.275319,-8.430544,-0.434163
8.129947,10.487747,-8.878969,8.474705
8.297805,10.165904,-10.996100,-5.913519
9.139294,9.716562,-10.250895,9.070381
10.702795,9.419732,-9.267093,15.706628
9.021304,9.470933,-10.873583,-0.133720
10.824865,9.401247,-10.411886,15.762915
8.723786,9.543985,-11.207346,9.683435
10.547780,9.424004,-11.935409,-16.975200
11.213515,9.939301,-11.557698,-15.775300
10.304890,11.051698,-10.780281,17.199128
8.204075,9.688974,-11.044064,6.741679
9.733138,11.466802,-10.769880,-18.569785
10.291868,11.032256,-10.582240,9.381267
8.505259,11.930834,-8.705005,-17.895072
8.297373,9.867674,-11.415091,3.982105
11.152823,10.351183,-8.420668,18.539003
11.285930,8.728908,-10.495562,-0.321278
10.313722,8.897587,-9.126256,12.358022
10.491793,8.545996,-10.085619,-13.340950
9.770035,8.362201,-10.448571,11.422064
10.604464,11.166538,-10.901759,-17.764483
9.205146,10.861698,-10.137277,12.256114
9.938683,10.210242,-10.278460,-19.187532
8.583927,10.731218,-9.270881,-17.312448
9.822686,10.575985,-9.994819,11.237341
9.478663,11.203876,-11.427805,17.968782
7.496273,10.466048,-9.555601,-4.642125
9.526279,9.722775,-11.448220,-1.602131
10.132036,8.770830,-8.531242,-0.656504
10.964413,10.443137,-9.114130,3.731526
11.397191,8.965859,-8.677514,-19.082708
9.397521,11.848294,-10.800646,19.386395
10.234116,10.126323,-9.813907,14.610608
9.646780,10.702546,-10.481092,-14.244176
10.788117,9.442307,-9.280451,18.528325
9.730777,10.047227,-9.365670,18.538725
9.945416,9.017687,-8.827136,8.437779
9.947823,8.549107,-9.883210,16.216229
9.850337,9.336658,-9.543867,11.927973
11.073724,10.078501,-10.562560,-6.377927
9.569051,9.499898,-9.221600,16.089165
9.621002,9.107630,-8.913461,17.929869
9.587181,10.559138,-10.288549,-0.607261
9.500122,12.004331,-11.181880,-11.452638
9.134782,8.329345,-9.967104,12.126887
9.473583,8.203257,-9.704166,-16.168056
10.280445,8.541165,-9.455128,-7.134942
10.771280,11.119078,-10.947664,17.530034
9.593272,9.637171,-10.103183,-18.354514
9.719868,7.993590,-11.914512,19.113049
8.802714,10.876264,-10.028319,10.683291
11.645000,9.702025,-10.704344,17.093981
9.969344,10.184221,-9.631449,-10.801436
12.319911,9.444128,-9.818368,3.204869
9.729483,10.417585,-10.027953,18.084193
8.719817,11.036903,-9.344430,-2.774502
8.330914,12.347904,-8.934122,-1.772906
9.216847,10.668549,-10.845435,11.657778
9.458203,11.685081,-10.615945,18.341847
9.186916,11.463151,-9.907048,13.861619
8.211162,10.612735,-11.265815,-5.194505
9.129764,10.367469,-11.061469,-14.594927
10.598788,9.226484,-10.454276,-0.360417
9.010351,10.521710,-10.140710,11.585692
11.542885,9.577017,-9.436466,14.741821
9.358983,9.379495,-10.801577,9.100833
8.912588,10.297231,-10.395661,8.910767
11.351581,10.238004,-11.508591,-16.432208
10.319786,10.251138,-9.804362,19.937702
9.237080,9.428736,-10.333167,-14.501888
9.099821,9.828278,-11.391570,1.915357
9.093329,9.582646,-8.485126,12.179900
9.570741,11.378589,-9.717704,-10.210669
9.371234,8.548275,-10.080782,-9.678125
9.352486,9.987286,-10.232588,-18.101035
10.651896,7.733544,-9.187801,2.128175
10.850342,10.021178,-10.769120,-19.053832
9.707793,12.100733,-9.015603,1.986718
9.674925,11.100047,-10.052157,9.878139
10.510098,10.251172,-9.324605,-10.606534
11.302216,10.972924,-9.085356,-10.873331
10.292282,9.495979,-10.706234,-1.807599
8.136883,10.060812,-10.497941,11.614035
10.423507,8.419851,-9.267593,-3.383151
9.670030,8.517226,-8.800420,-15.825013
10.011050,8.912821,-10.391244,3.297427
9.658292,12.253651,-9.961829,5.863754
9.453718,10.809333,-9.815845,2.503933
11.525866,9.975047,-9.394144,-3.233396
11.180288,11.049735,-11.107334,-8.239272
9.004410,10.111141,-10.138067,-19.222706
10.892215,9.434816,-9.252465,-5.496714
10.187100,9.356090,-9.288793,6.413327
8.582730,10.758977,-10.678636,-15.257561
9.376004,9.066316,-11.202718,19.423767
9.876389,9.474856,-9.599902,17.528638
10.060532,8.695503,-10.351613,10.596756
9.256248,9.316347,-10.943938,16.141517
9.104240,10.053013,10.740096,-17.428056
10.664643,10.554163,11.267608,-12.775301
10.508291,9.422267,8.369050,9.324766
10.132936,9.444239,10.864219,-4.254284
10.080866,9.940149,9.335713,17.154403
9.531343,10.852614,10.731245,10.835869
8.688549,11.165901,9.369406,10.430366
10.627785,9.602179,10.740421,-0.331963
10.132203,9.060577,10.678324,-11.950863
8.104813,10.435539,9.960677,-12.952842
11.137155,11.092351,10.220175,-14.361638
9.740840,12.107488,9.705589,-10.398033
9.712703,8.707592,11.012082,7.528307
9.744683,10.105065,12.581235,-12.543285
9.155385,11.380253,11.527926,-6.219548
10.327000,8.938902,8.901705,-13.641465
9.682174,10.376106,11.270000,9.577975
10.256574,9.201560,10.918121,-10.790916
11.014791,10.329850,8.939567,6.482472
9.611746,10.395882,10.031508,2.599442
9.588495,9.895008,11.157527,-10.111994
9.866591,10.067283,9.318535,18.137690
10.879867,9.076058,12.041383,-15.210045
10.541997,11.629065,10.046133,3.546360
8.407057,10.067035,9.776353,-8.484275
10.059138,10.746535,8.856191,-6.442735
10.999194,9.313482,10.038033,7.402314
9.866657,10.815036,8.504377,0.651910
11.313557,11.960850,8.765869,14.008697
10.027982,12.000507,8.804062,-5.221609
10.706505,11.793180,11.106510,4.543265
11.249410,8.669388,9.487815,-15.261572
10.287550,10.584215,10.643191,9.916638
9.885935,12.340496,11.142408,4.328729
9.661439,9.207736,10.572099,-10.065812
10.842270,9.533542,11.375393,8.875975
9.013598,9.349699,8.723087,-6.822147
9.523095,8.763380,10.486159,-12.817127
11.328517,9.558852,10.008370,-3.464904
10.844792,7.911099,10.881538,12.832427
10.014695,9.196681,8.681591,2.319778
8.466327,10.028918,9.291829,-18.273181
10.237780,11.561407,11.244828,-17.078164
10.054051,9.588536,10.066693,-0.080231
9.095035,8.537774,9.277364,-1.806600
9.563224,10.897324,11.170799,-5.842833
9.906792,10.442355,9.633033,-17.902895
9.627203,8.261856,10.009845,0.287593
8.617436,8.964295,10.061198,0.909712
9.588142,9.184052,8.698228,-5.467186
10.239173,9.741366,8.770719,16.444096
9.166337,11.678366,11.169218,-5.790971
10.495331,9.399798,8.892302,17.181374
11.444381,10.038170,10.228725,-1.999257
9.442734,8.927835,9.699966,19.855371
10.715881,8.906412,9.227156,7.795908
11.068321,9.984559,10.438513,11.090037
10.525588,8.618779,9.141276,1.392670
10.650361,9.767712,9.202274,-8.209285
11.290104,8.585937,10.487803,6.001416
9.271083,11.511337,9.746844,18.407816
8.920021,9.915806,9.512447,-10.512338
11.486266,12.931904,10.419868,-0.592649
9.740300,9.779933,9.559235,6.066066
11.527843,10.796849,9.589987,-17.139339
9.500421,10.184557,9.786420,-18.403120
10.114566,10.503261,11.102979,1.497470
9.875225,10.968323,7.490980,18.577878
8.443619,9.362657,10.981227,-10.942835
11.527988,8.087694,12.187438,19.173949
9.895385,9.962154,6.883422,19.265680
9.742230,9.692014,10.347958,15.667294
11.016964,9.691354,10.113003,14.021165
9.932346,10.706140,10.386886,9.904416
9.789103,10.629319,9.765482,14.382512
10.597665,10.074405,10.553465,14.219711
9.892616,10.781247,11.630932,5.507801
9.462577,8.826400,10.392128,-9.850016
10.036285,9.624404,10.752505,-3.705075
10.828350,9.704657,10.073577,-13.424763
9.670884,9.670146,8.038372,-14.885903
10.894268,8.722574,10.334856,18.024625
9.523686,10.159224,9.456332,18.666262
9.419980,10.281344,11.820135,14.528936
9.053658,11.679076,11.004283,-0.837372
9.209239,10.858519,10.225013,-18.784431
10.721211,9.252507,10.252971,-9.466323
10.835260,11.114897,10.966445,12.300485
8.432453,10.062576,9.812239,11.737921
9.171267,9.771855,11.598299,-13.331220
8.777496,8.478567,9.157098,-14.175088
9.507237,8.792564,9.226775,-9.766065
9.869516,9.847830,10.744523,18.064502
11.199585,9.177172,9.080269,14.407704
11.996778,10.859190,11.048691,-2.050565
10.182101,8.611333,7.979212,-16.139281
8.571014,8.566410,9.033095,5.432046
9.793346,8.459670,9.832993,14.319307
8.959741,11.001992,8.457208,-1.963016
11.368360,10.181486,8.862143,18.378735
9.133432,10.849587,10.539035,-2.871528
8.842205,9.579884,10.810103,-8.486789
10.236042,10.382480,9.165270,19.045003
10.145667,10.968645,10.011266,17.058762
10.555778,10.362792,10.083702,-1.931749
9.916424,10.038992,9.595734,17.150816
9.816687,9.174647,9.610291,12.392106
11.539178,9.857914,10.710308,4.339592
9.750819,8.908199,11.519157,7.295436
10.186750,9.636098,8.355253,-0.883278
11.304307,10.527613,10.242055,11.063268
11.020642,11.325025,10.086880,10.937269
9.203031,9.045261,10.045951,8.033498
11.091974,10.692283,12.110262,-19.649014
8.794014,10.248309,9.989156,17.948712
11.260075,8.652081,9.253523,10.896105
11.498532,10.998124,9.697155,10.654336
10.183483,7.679086,10.030909,0.929281
9.571042,10.736903,9.170619,-11.306660
10.667064,8.755758,9.809430,-12.346391
10.742985,10.189759,9.008038,8.524798
9.837693,8.206404,9.759178,-5.607034
11.155609,8.734429,11.112181,-12.539725
9.634616,8.846707,10.476259,-0.444736
10.690210,11.004557,11.272610,15.415891
10.269352,10.200431,11.059175,14.848395
8.601816,11.264679,9.668677,2.971921
10.573513,9.671156,9.747196,3.666667
9.794584,11.153497,9.590900,1.950171
10.859322,7.738704,11.547527,14.919024
10.107458,9.033022,8.641803,3.183303
10.647524,10.939885,10.819547,-13.341388
8.895240,11.427186,11.253808,9.185687
8.694900,10.318453,10.335510,8.216043
9.881749,10.355303,10.034478,-9.636105
10.135765,10.861662,11.591798,-12.149082
9.677491,10.378987,9.184472,11.431100
10.243249,8.828461,10.307701,5.618980
11.082900,10.137699,11.219642,-6.954780
9.447345,9.564278,10.073802,6.665396
10.490451,9.538642,9.702650,6.766278
10.124851,9.618169,8.196169,-19.422497
10.870266,9.175001,10.150331,-12.827210
11.827409,10.375153,9.951412,12.746058
8.914650,10.143794,9.876444,-9.106616
10.601511,11.859240,10.004125,10.896548
9.373420,10.263680,9.658915,6.857963
10.763501,8.623442,10.289807,6.004371
11.865519,7.274253,9.606399,-0.230968
8.629910,9.766313,11.189794,-7.317919
10.550418,8.950688,9.337616,0.717435
8.953728,9.135440,9.237010,-16.317751
9.256771,9.846222,10.027705,17.999745
10.804969,9.636099,10.507583,-13.868499
11.551134,9.897100,11.395216,-16.930073
10.516534,9.970907,10.021548,1.161863
9.682493,10.986229,9.556808,-8.291139
10.757263,10.991148,10.150974,17.179113
9.020644,10.596632,10.356850,-11.160762
10.551787,8.744035,12.086416,-17.499861
11.975135,9.673660,9.409379,10.597652
11.147620,10.536948,10.068715,1.601319
10.460505,9.540732,8.813226,-6.313205
9.647055,10.029472,9.708615,-19.874111
10.193234,9.053343,10.397650,-11.265054
10.989250,8.905708,10.552075,16.749942
10.483040,10.181792,10.728279,-14.651133
9.191655,11.439906,9.182847,19.330360
8.859096,10.802257,11.732561,4.742607
8.423301,10.024378,8.410858,15.956401
9.603610,7.565169,9.591614,12.054021
11.128666,10.261966,9.744154,5.820258
9.727772,10.074607,10.647143,18.432752
8.794772,9.352042,9.279694,8.876738
7.977672,10.125530,10.305470,12.512170
11.486458,9.810912,9.610663,-1.671268
10.446554,10.830010,9.787586,-0.411338
10.313679,10.390818,9.233121,-19.875187
10.586055,10.373795,10.297233,18.945874
10.613076,10.209696,9.882666,-7.725339
11.154404,10.998513,9.196626,-11.003863
8.265926,11.070836,10.345586,-12.137854
8.007920,8.318681,10.977479,3.090809
10.615163,9.888860,10.887069,-3.903429
7.524569,10.016054,11.490997,-4.167782
9.067611,10.811931,8.651873,18.421091
8.995308,9.276880,10.697471,-14.449589
8.829527,11.401655,9.579818,9.224287
10.014573,10.645254,10.489685,18.484149
12.116540,9.360941,7.779001,5.221612
10.971178,10.563075,11.660086,14.439026
11.662834,9.057735,9.361397,2.115587
7.923694,10.454183,9.432333,-7.592577
8.619906,9.038689,9.556584,13.960618
10.923571,8.687006,8.920022,-1.671285
8.607013,11.058522,8.992790,-19.356184
11.871021,10.435439,11.198406,-10.622696
9.965423,8.776459,11.336143,-17.012141
12.055218,10.385663,8.358153,-16.448761
10.304490,8.672970,8.401985,18.911902
8.764437,8.913338,10.541956,-18.989385
11.199231,9.727691,8.521476,-8.830706
11.677567,10.055397,11.757234,-5.564866
10.820554,10.019077,10.643680,0.356614
9.182638,9.988443,10.873458,3.414232
9.199426,9.650468,11.300224,-3.003120
9.590901,9.451112,10.555123,-11.654572
10.458866,8.690214,9.014812,6.466837
13.817989,10.745533,7.804025,16.008199
9.636582,9.497056,10.810398,-12.167317
9.273747,10.443627,11.197747,1.929666
11.782821,9.785959,8.142867,3.576121
10.553943,11.270515,10.731599,9.636178
11.250774,10.852703,9.625000,3.221967
9.628474,9.598408,8.961828,5.309111
9.587277,10.191548,10.786283,-15.522403
10.177945,8.951904,11.119055,-17.046390
8.809979,9.747846,9.606617,7.556834
9.487456,8.886707,9.932797,-7.619551
10.054098,8.841483,9.548224,-9.886648
9.881143,10.813772,8.932588,-0.888068
9.459702,8.002866,11.906172,1.095967
10.388221,11.190394,12.059941,4.390485
8.867683,10.060744,10.467456,-12.636327
11.668605,10.711184,9.804696,15.263798
10.093188,10.411452,10.407592,-16.958100
9.308371,9.839226,9.087963,-0.763928
9.634420,9.349614,9.630386,1.819277
12.475097,11.335909,9.137498,-13.456845
10.062099,8.010412,8.320906,19.877254
10.391070,9.911168,8.599179,7.935786
10.644513,10.026314,9.624692,-14.419961
10.998147,8.482157,9.576847,-6.638606
9.320810,9.747146,10.890360,3.257467
10.278208,8.902269,10.831341,15.803575
9.944876,9.811119,7.638986,-11.799467
10.596016,10.757342,11.613315,-6.890260
9.231760,11.744820,10.978390,-18.476301
9.798308,9.945479,11.226312,-2.895544
8.830687,10.273549,9.279575,-12.532260
11.232957,9.903177,10.213020,-14.337649
9.476465,10.256242,10.081797,18.746869
10.321655,9.554484,8.185634,15.004441
10.136850,10.884891,9.605165,-13.447923
11.152316,9.542050,10.448653,-7.582302
11.584565,8.688883,8.024033,13.124185
10.610295,11.920720,8.736802,6.454053
9.731601,10.949689,10.407988,-5.759974
10.081610,10.518704,12.353579,1.915931
8.222532,9.664161,11.826934,11.047880
-9.801905,-9.318833,9.129889,18.618780
-9.078898,-10.567548,9.725466,-2.732033
-9.936035,-10.125979,8.737893,-2.964357
-8.773565,-9.059046,9.245386,9.596826
-10.119857,-11.844362,9.907298,-6.085734
-9.894286,-10.226118,9.884378,-16.940661
-10.473890,-10.330176,9.378766,3.665441
-9.020610,-10.008633,9.338310,-12.897829
-11.341609,-9.675182,9.787018,16.134186
-9.044786,-10.201404,8.733049,4.972035
-10.079031,-10.754677,8.500838,-19.437127
-8.576194,-10.851446,9.960021,19.663765
-9.202173,-11.078461,8.344796,7.478281
-11.259937,-9.959547,9.749541,-19.986650
-9.983293,-11.149221,10.540180,-0.314062
-11.075587,-9.015489,8.321652,13.506877
-8.484234,-9.658039,9.405472,-3.130777
-8.883244,-10.704515,10.754617,1.420364
-10.066883,-9.317130,9.615493,12.030213
-9.276260,-10.109407,11.096244,9.664035
-10.785974,-9.821268,9.770563,-5.066865
-9.675580,-10.163991,10.476989,-3.388649
-9.254629,-9.395756,9.043827,-8.466687
-8.670937,-8.670391,9.787350,-14.845471
-11.085427,-10.393536,10.003505,-19.267580
-11.325431,-10.802601,11.305141,12.081784
-8.607077,-9.890321,12.018517,-8.846629
-9.098882,-8.185660,9.236700,-7.940357
-10.177579,-10.932755,11.249722,-14.270903
-10.888406,-9.119075,10.199156,2.428793
-11.180957,-10.573454,8.843199,-10.941701
-10.449519,-9.063687,9.880822,1.477328
-11.954372,-10.914909,9.249005,10.284587
-9.094660,-8.847828,8.337432,6.014481
-8.189429,-11.447537,9.731729,-0.525260
-9.943859,-10.098381,8.869243,-14.101647
-9.310327,-9.403191,10.860318,-19.929224
-10.916535,-10.396735,8.561257,-5.671326
-10.553088,-10.657956,11.129795,-14.656806
-9.250935,-10.768452,9.692004,1.518739
-9.796444,-10.773981,9.918323,-13.012596
-10.788262,-11.090957,10.505450,-7.620517
-9.489907,-10.873948,10.189425,13.841645
-10.324303,-10.324357,8.757579,-19.697013
-9.221446,-10.855187,12.185720,10.397525
-10.530035,-9.164644,11.271063,-11.650261
-9.857362,-11.412277,10.430985,-10.354847
-8.794248,-8.431385,11.043560,2.370534
-10.982845,-10.674630,8.539416,-15.139635
-9.081187,-12.129677,11.035060,-13.923200
-10.892155,-9.393064,8.739045,-6.066481
-10.768584,-9.391901,10.525353,-0.626554
-11.687224,-9.442221,8.324036,-8.746633
-9.177691,-11.541374,8.131627,-16.397632
-12.113404,-10.381399,9.237542,-3.838696
-11.083875,-9.582586,10.793334,-6.665987
-8.529951,-9.380607,10.045487,-14.413804
-9.860557,-11.097901,10.269134,-1.956656
-10.427504,-11.613468,9.757808,-7.089590
-9.597971,-9.143157,8.576621,-12.693005
-9.370454,-8.840051,8.582963,14.492892
-9.717238,-11.112858,10.152736,-2.586970
-8.172984,-10.148805,8.764448,-16.567087
-10.096492,-10.628276,10.602042,9.253220
-8.725121,-11.897811,9.400870,-12.334352
-9.367668,-10.526144,10.693554,-1.235778
-6.746901,-10.215942,9.787958,11.724964
-9.674599,-6.559172,9.541645,15.041525
-8.931987,-10.130472,8.055139,1.776529
-9.038811,-10.107535,10.182163,-17.701987
-10.998920,-9.859188,9.280825,-9.932961
-10.449302,-10.210232,8.038768,-5.888660
-11.296430,-11.883527,9.565968,-15.774111
-10.051056,-10.684217,8.225477,8.574021
-9.502617,-12.732915,10.203423,4.207957
-9.264698,-10.148937,9.482939,-11.130104
-9.602998,-10.543760,8.534478,1.175029
-10.867171,-9.519006,9.649910,-15.484693
-9.956308,-9.642346,11.610182,-8.364407
-9.455265,-11.656527,10.486312,16.971487
-9.947816,-12.196608,10.339755,4.065415
-7.544613,-8.954078,8.160667,16.043740
-9.621745,-11.723759,9.519490,18.381463
-11.784253,-9.655332,11.793934,-17.340769
-9.646307,-10.498088,10.754206,-14.928546
-9.437812,-8.647140,10.681263,13.329323
-10.327822,-9.304784,9.241544,3.931624
-11.754152,-10.569768,9.587998,-9.324764
-8.914463,-8.875178,8.718920,-9.199580
-10.469842,-10.313940,8.813240,-18.135117
-10.873813,-10.405135,9.263993,-6.369448
-10.924381,-11.368922,8.871959,-19.506433
-10.876509,-9.295222,11.132263,-15.604695
-9.707524,-9.091286,10.234138,-1.123885
-8.538680,-8.179920,10.634252,11.859199
-9.297267,-10.043732,10.149943,0.245789
-9.724473,-9.620089,11.251109,-3.968741
-9.854734,-10.630105,9.983943,-8.382877
-12.326190,-11.973047,11.173110,2.786141
-10.811775,-10.268787,10.783792,-14.482334
-9.630252,-8.895669,9.226985,-14.404687
-9.769666,-10.383360,7.972101,-14.410687
-9.263879,-8.756185,8.728915,18.257159
-12.338202,-9.892068,10.597085,-10.531792
-11.847263,-7.655262,9.204553,18.742140
-10.744174,-9.728017,9.317163,5.507606
-12.047960,-9.982410,9.308416,4.621050
-10.168507,-11.589934,8.758664,-18.652635
-10.377303,-8.807402,9.998369,11.575586
-9.720717,-9.729024,8.362330,-11.345551
-9.450767,-10.144315,11.683048,7.806957
-10.619517,-9.171263,11.987149,13.187079
-9.223265,-10.359896,9.536844,17.054358
-12.322603,-9.765016,11.013268,1.218156
-8.474433,-11.340351,8.552209,17.523266
-9.237460,-10.478924,10.176108,5.362871
-8.578430,-11.196804,9.666226,-17.347627
-8.626290,-9.201230,9.291507,15.041771
-9.460303,-8.637137,9.998809,6.952557
-10.411223,-9.658136,9.931195,10.537555
-10.671859,-7.663094,10.745619,2.454894
-9.977813,-9.926932,9.206761,9.870937
-10.891577,-10.587797,9.276401,-15.281031
-8.884824,-9.943951,9.759242,-5.500942
-10.588598,-7.321964,10.657012,6.937276
-8.728591,-10.131801,10.873985,-8.759647
-8.798757,-9.764034,9.382257,-14.157479
-10.270040,-10.556655,11.859707,17.178843
-9.564838,-8.983276,9.579239,-6.653865
-11.195199,-10.269692,10.101395,-19.876778
-9.330223,-10.301582,11.286191,-4.813870
-10.047649,-10.941227,8.356548,17.865095
-11.587624,-10.229341,9.207376,3.321537
-8.311048,-11.478867,11.695200,0.214236
-10.363301,-10.005853,9.380196,-11.315360
-10.798924,-8.919134,9.238738,-19.040189
-8.493929,-10.618528,11.092032,7.663413
-11.678970,-10.480268,10.063320,-3.237775
-11.664628,-10.700900,11.342332,-11.206777
-10.074851,-8.916573,11.341769,13.904796
-10.907777,-8.771741,8.599638,7.401882
-9.262257,-10.206378,10.585615,-13.747909
-10.975788,-10.520438,11.676108,15.829486
-10.431209,-9.443008,7.175568,16.277390
-11.611249,-9.287970,9.841397,11.037712
-10.226046,-8.087653,9.469052,7.900245
-11.020205,-10.698198,8.629459,14.159560
-9.309513,-11.611212,10.279562,12.382261
-9.278583,-8.313783,10.530999,-8.032947
-7.599199,-9.249381,10.717512,14.314805
-11.020961,-11.195155,7.719396,15.315592
-7.716608,-10.250434,10.338285,-9.420938
-10.997219,-10.335486,9.114335,8.908381
-10.695219,-11.211744,9.537476,-9.357893
-9.637314,-8.798517,8.830381,8.046061
-11.978439,-10.195108,10.318004,-17.801132
-10.720823,-10.541549,9.300865,11.434100
-12.031779,-9.943840,10.945736,6.798232
-7.933106,-10.139129,9.402229,13.990711
-11.503998,-10.315475,12.058611,-1.972951
-10.244321,-8.794980,10.777513,15.092433
-10.272599,-10.370415,8.003010,19.918925
-11.428812,-10.041560,7.244693,-1.494237
-9.225360,-10.463716,9.826698,4.693449
-8.323345,-9.557624,11.528125,19.868840
-9.826826,-9.171996,10.289036,-17.201340
-10.190545,-9.520170,9.925329,-8.249071
-10.173505,-10.823204,9.254110,1.429456
-9.559731,-8.848095,8.856399,18.954332
-10.173834,-8.333699,10.601349,-15.051749
-9.659847,-10.766428,9.048500,-12.436244
-9.468390,-10.176364,8.198326,14.137290
-11.909577,-10.747815,10.531913,4.384385
-11.211311,-10.025982,9.503642,2.505517
-10.622829,-11.789389,8.922801,0.958523
-11.450338,-8.479980,9.966963,-8.680292
-9.075862,-8.979811,8.882837,-4.326884
-10.651056,-10.755623,9.555967,12.730506
-8.798955,-9.147802,6.761983,10.527957
-9.684183,-9.690159,9.745151,-7.459475
-10.299934,-10.101874,9.388795,16.340397
-10.099913,-10.160966,10.968228,-14.915020
-9.687547,-8.577005,11.752922,-10.634199
-10.075414,-10.470816,10.663433,-5.335550
-12.841873,-12.064586,11.338340,2.846857
-9.017294,-9.845169,10.885188,15.484370
-9.231756,-10.260772,9.317380,5.397150
-9.735496,-11.910329,11.007282,-8.838518
-9.941551,-10.886455,10.212740,12.601354
-12.214687,-11.153165,9.455375,14.747228
-10.622665,-11.743921,10.149734,-18.512724
-11.933549,-9.782092,8.990586,-8.633466
-10.845803,-11.081986,9.044877,2.452082
-8.805079,-9.259879,9.439481,11.165644
-10.061617,-9.729433,9.252246,18.706339
-10.280596,-9.975955,10.153476,-19.243961
-10.704916,-10.721524,9.809403,6.866627
-9.452397,-8.680525,10.071945,-5.587556
-9.565060,-11.314026,8.453938,17.884109
-10.285083,-11.275328,9.992444,9.930225
-11.821009,-11.028768,9.341152,-1.405273
-10.486037,-11.486942,8.418373,13.887321
-9.280144,-11.196201,11.227034,-9.158966
-11.351888,-10.013882,11.438269,-14.648424
-9.494873,-9.778165,11.072386,-10.446183
-8.936567,-11.563636,10.494622,-16.311468
-10.867692,-10.041543,10.511189,11.176475
-9.965036,-10.421714,11.911056,6.990010
-9.599553,-9.929807,13.359243,10.246787
-9.870892,-10.342229,10.315400,-1.866034
-8.657248,-10.815236,8.608255,1.311929
-11.682580,-10.893370,9.720694,16.476624
-8.977581,-11.008660,9.695514,13.518058
-10.030216,-10.012229,8.651848,18.126064
-9.213400,-10.683669,10.353309,-9.397329
-11.560221,-9.261986,9.145997,-6.918577
-7.171914,-10.155369,9.427991,10.171335
-11.554120,-10.240983,9.329393,-18.254371
-11.192217,-9.048949,10.025794,-19.620195
-8.622677,-10.218242,11.535307,-12.605466
-10.295961,-9.982415,7.259813,1.475669
-10.821672,-10.384534,10.366162,9.128034
-10.445719,-9.231083,9.870988,-9.774437
-8.790378,-10.553357,8.717643,-10.205662
-10.683888,-10.883761,7.441729,-8.284344
-10.166876,-12.001560,9.547556,-4.154276
-9.707544,-10.429826,9.902209,17.394819
-10.101618,-8.243523,7.722616,2.112875
-10.557130,-10.252389,9.821416,13.691071
-9.159174,-10.730680,8.415049,4.439004
-9.179590,-11.268712,10.227713,-15.832419
-9.807049,-9.728113,10.127331,-14.281622
-10.708792,-9.166074,7.997987,-4.383846
-10.026571,-10.244787,9.287927,-1.723098
-10.115348,-11.979236,9.612534,13.476313
-10.318471,-8.760360,10.379996,6.020746
-9.410294,-8.976509,9.062435,-17.146910
-11.238566,-9.481606,10.455908,-3.421173
-10.387833,-10.258417,10.627376,17.604897
-10.852023,-10.392259,7.536448,3.378752
-10.923263,-8.536935,10.517639,-11.430155
-9.153883,-8.895446,10.192100,-18.220933
-9.954062,-9.655386,11.166674,16.369247
-9.264885,-11.504992,10.095394,-15.221909
-11.248058,-11.182018,9.881136,-12.614876
-9.646067,-10.011425,8.455814,16.385680
-10.951194,-11.330420,10.709719,-18.993741
-10.156690,-10.608214,11.188555,14.692865
-9.747057,-10.674584,11.762472,-14.788840
-10.244870,-10.709438,11.270489,-19.874650
