-2.01,4.06,-3.97,-5.1
-2,4.05,-6.79,-2.48
-1.94,4.05,-5.05,-5.15
-2.01,3.84,-4.37,-5.16
-1.87,3.99,-6.02,-4.52
-2.01,4.04,-7.4,-5.21
-2.18,4.07,-5.32,-3.04
-2.04,3.99,-5.57,-6.09
-1.97,3.83,-4.84,-5.67
-2,3.91,-5.93,-5.6
-1.88,3.87,-6.57,-3.13
-1.94,3.9,-4.48,-7.28
-1.93,3.89,-5.57,-5.97
-1.89,3.64,-4.99,-5.26
-1.73,3.69,-6.67,-4.54
-1.92,3.77,-6.09,-5.06
-1.98,3.69,-4.84,-6.64
-1.91,3.7,-5.39,-4.81
-1.81,3.73,-7.77,-5.13
-1.82,3.69,-4.66,-5.46
-1.87,3.51,-5.39,-5.2
-1.91,3.79,-3.92,-6.49
-1.89,3.75,-3.38,-6.76
-1.8,3.64,-5.31,-4.34
-1.9,3.62,-4.08,-3.49
-1.94,3.63,-7.21,-5.73
-1.87,3.55,-4.46,-4.71
-1.92,3.7,-5.52,-6.53
-1.88,3.5,-5.09,-5.05
-1.92,3.6,-5.46,-3.75
-2,3.59,-4.78,-5.77
-1.79,3.44,-3.82,-3.28
-1.98,3.47,-3.04,-3.61
-1.82,3.45,-7.29,-4.43
-2,3.51,-6.27,-4.21
-1.95,3.57,-5.72,-6.14
-1.88,3.43,-4.86,-4.71
-1.8,3.59,-5.22,-4.81
-1.81,3.5,-5.18,-4.35
-1.88,3.22,-4.89,-4
-1.88,3.39,-4.12,-4.74
-1.85,3.25,-6.08,-3.91
-1.79,3.45,-5.13,-2.65
-1.65,3.19,-6.07,-5.25
-1.83,3.29,-4.94,-5.66
-1.71,3.36,-5.77,-3.68
-1.74,3.35,-3.51,-4.45
-1.84,3.2,-4.07,-3.07
-1.65,3.3,-4.26,-4.57
-1.93,3.28,-4.84,-6.82
-1.95,3.26,-6.15,-4.32
-1.83,3.17,-3.87,-3.92
-1.76,3.16,-6.01,-6.84
-1.76,3.15,-5.57,-4.14
-1.76,2.94,-5.42,-4.64
-2,3.13,-5.26,-5.47
-1.8,3.24,-4.64,-6.06
-1.62,3.27,-5.99,-4.79
-1.85,3.2,-5.75,-4.68
-1.81,3.14,-4.7,-5.55
-1.75,3.12,-6.23,-5.24
-1.78,2.96,-4.54,-4.17
-1.56,2.87,-4.3,-7.16
-1.47,2.97,-7.51,-4.3
-1.79,2.91,-3.46,-4.82
-1.77,3,-4.01,-5.42
-1.67,3.03,-5.81,-4.6
-1.75,3.03,-4.62,-3.17
-1.71,3.12,-5.05,-4.17
-1.9,3.12,-4.31,-3.83
-1.7,2.81,-5.66,-5.6
-1.65,2.99,-6.16,-4.41
-1.71,2.92,-3.98,-3.63
-1.71,2.98,-5.06,-4.83
-1.69,2.89,-4.51,-5.26
-1.86,2.86,-4.51,-6
-1.8,2.96,-5.94,-4.75
-1.54,2.72,-4.78,-4.25
-1.66,2.81,-5.2,-4.66
-1.62,2.85,-4.28,-4.01
-1.68,2.83,-5.24,-5.38
-1.74,2.88,-5.64,-3.95
-1.7,2.95,-4.89,-5.64
-1.77,2.89,-5.64,-5.21
-1.74,2.88,-5.6,-3
-1.7,2.72,-5.89,-5.35
-1.58,2.71,-4.72,-6.27
-1.65,2.72,-6.56,-6.87
-1.68,2.86,-5.92,-5.83
-1.6,2.63,-4.92,-4.92
-1.69,2.59,-5.56,-5.35
-1.76,2.79,-2.47,-5.46
-1.71,2.59,-7.37,-5.07
-1.69,2.51,-5.71,-6.77
-1.7,2.68,-4.66,-6.17
-1.54,2.48,-5.74,-3.62
-1.68,2.66,-3.27,-5.54
-1.75,2.66,-4.25,-5.23
-1.56,2.65,-3.23,-4.27
-1.56,2.57,-4.73,-6.17
-1.4,2.44,-4.1,-6.17
-1.75,2.35,-5.43,-4.67
-1.73,2.51,-6.11,-4.17
-1.74,2.59,-6.33,-5.58
-1.67,2.46,-4.55,-4.89
-1.61,2.48,-5.38,-4.97
-1.61,2.6,-4.38,-4.41
-1.4,2.44,-4.34,-5.72
-1.62,2.56,-4.7,-6.23
-1.43,2.53,-3.82,-4.31
-1.66,2.37,-3.6,-4.47
-1.52,2.3,-7.09,-5.39
-1.51,2.46,-3.78,-5.05
-1.51,2.34,-5.56,-5.02
-1.55,2.22,-5.64,-5.12
-1.59,2.42,-5.78,-4.4
-1.58,2.36,-5.1,-4.71
-1.53,2.41,-6.98,-5.54
-1.56,2.16,-4.6,-6.06
-1.44,2.21,-5.91,-3.85
-1.43,2.48,-5.95,-4.2
-1.33,2.24,-5.75,-4.73
-1.57,2.12,-4.78,-5.68
-1.45,2.31,-4.16,-3.5
-1.61,2.36,-4.73,-3.95
-1.38,2.31,-6.66,-4.9
-1.41,2.21,-6.19,-4.26
-1.37,2.25,-4.72,-6.33
-1.47,2.02,-5.44,-5
-1.34,2.16,-6.53,-4.82
-1.58,2.25,-6.22,-4.91
-1.45,2.09,-5.14,-7.06
-1.37,2.17,-5.37,-4.39
-1.61,2.35,-6.53,-5.15
-1.37,2.23,-5.37,-5.23
-1.47,2.08,-6.2,-4.65
-1.54,2.08,-4.18,-3.64
-1.4,2.06,-4.91,-3.82
-1.45,2.16,-4.94,-6.72
-1.58,2.17,-5.32,-6.07
-1.33,2.04,-4.92,-5.42
-1.52,2.09,-5.03,-5.61
-1.49,1.94,-6.25,-3.57
-1.57,2.11,-4.68,-5.93
-1.64,2.15,-4.68,-4.56
-1.49,1.97,-6.18,-4.86
-1.44,2.03,-4.26,-5.88
-1.3,1.71,-4.18,-5.81
-1.26,2.06,-4.06,-5.83
-1.43,1.87,-5.07,-5.83
-1.43,1.85,-3.87,-5.14
-1.28,1.88,-5.15,-3.31
-1.36,2.05,-3.49,-2.57
-1.38,1.9,-4.49,-4.45
-1.45,1.95,-6.06,-5.12
-1.29,1.8,-6.42,-5.81
-1.31,2,-4.52,-4.99
-1.37,1.85,-4.42,-3.75
-1.49,1.99,-4.04,-4.62
-1.21,1.98,-5.13,-5.64
-1.34,1.95,-5.85,-3.54
-1.46,1.95,-4.8,-6.44
-1.31,1.68,-2.94,-4.72
-1.48,1.72,-3.14,-4.23
-1.4,1.66,-4.99,-4.06
-1.57,1.65,-5.72,-5.6
-1.23,1.9,-5.53,-4.39
-1.35,1.79,-4.08,-4.24
-1.1,1.9,-4.84,-8.32
-1.36,1.73,-4.57,-5.54
-1.36,1.74,-4.26,-4.3
-1.38,1.78,-4.23,-4.19
-1.14,1.72,-4.83,-6.47
-1.35,1.66,-4.65,-5.3
-1.07,1.55,-3.46,-3.65
-1.26,1.7,-6.22,-3.28
-1.2,1.67,-4.57,-5.3
-1.31,1.57,-5.9,-4.89
-1.34,1.73,-6.14,-5.73
-1.21,1.67,-4.01,-3.97
-1.18,1.6,-4.17,-3.55
-1.22,1.65,-5.45,-4.27
-1.31,1.58,-7.27,-3.65
-1.22,1.67,-4.64,-6.97
-1.36,1.51,-4.72,-6.94
-1.29,1.56,-6.17,-4.81
-1.41,1.45,-5.07,-5.24
-1.44,1.56,-3.51,-4.42
-1.36,1.58,-4.33,-3.92
-1.26,1.63,-5.31,-4.67
-1.18,1.62,-5.48,-5.27
-1.28,1.59,-4.75,-4.91
-1.42,1.41,-5.47,-4.38
-1.24,1.61,-3.36,-5.35
-1.29,1.42,-5.31,-6.29
-1.26,1.67,-5.01,-4.7
-1.19,1.61,-5.22,-3.85
-1.32,1.68,-5.16,-6.63
-1.25,1.53,-3.72,-4.94
-1,1.54,-5.04,-4.12
-1.23,1.31,-6.87,-7.32
-1.23,1.46,-4.45,-6.61
-1.13,1.26,-5.97,-5.85
-1.18,1.36,-4.53,-6.6
-1.12,1.47,-6.01,-5.83
-1.1,1.48,-5.68,-4.68
-1.28,1.42,-6.1,-6.05
-1.16,1.33,-5.26,-4.19
-1.05,1.37,-5.52,-5.6
-1.02,1.22,-5.11,-5.84
-1.16,1.31,-5.45,-4.58
-1.09,1.14,-5.19,-5.56
-1.16,1.22,-4.75,-4.82
-0.991,1.25,-5.92,-4.34
-1.04,1.4,-4.88,-4.43
-1.13,1.33,-5.19,-4.74
-1.09,1.42,-5.11,-3.58
-1.18,1.32,-4.96,-3.36
-1.06,1.33,-4.35,-5.31
-1.04,1.23,-6.49,-2.95
-1.12,1.17,-5.1,-5.62
-1.11,1.26,-5.41,-4.28
-1.17,1.29,-5.4,-5.42
-1.38,1.05,-4.11,-4.72
-1.14,1.28,-5.17,-3.92
-1.1,1.02,-5.05,-3.01
-0.988,1.38,-5.94,-5.68
-1.02,1.22,-3.66,-5.15
-1.07,1.21,-2.68,-3.91
-1.11,1.23,-7.4,-3.6
-1.01,1.13,-6.34,-4.97
-1.06,1.2,-6.13,-3.77
-1.04,1.11,-6.24,-6.19
-0.962,1.14,-4.26,-5.46
-1.04,1.1,-3.81,-4.06
-1.08,1.04,-4.41,-4.11
-1.07,1.02,-4.82,-5.02
-1.2,1.03,-6.09,-4.94
-0.915,1.12,-4.94,-2.58
-1.18,0.982,-5.95,-4.92
-0.902,0.944,-5.39,-4.54
-1.07,1.09,-4.81,-5.75
-1.09,1.05,-5.4,-5.97
-0.958,0.942,-3.47,-4.97
-1.25,1.12,-5.73,-5.78
-1.05,1.26,-4.52,-4.45
-1,1.06,-5.26,-4.12
-1,1.03,-5.33,-6.08
-1.17,0.843,-4.62,-5.46
-0.923,1.06,-3.57,-4.94
-0.968,1.17,-5.45,-4.82
-1.11,1.01,-4.85,-5.58
-0.839,1.07,-5.59,-6.26
-1.14,1.18,-5.08,-4.81
-1.05,1.13,-4.14,-4.1
-0.877,1.02,-3.11,-4.58
-0.867,1.08,-4.44,-4.64
-1.03,0.892,-4.56,-6.33
-0.988,1.07,-3.63,-5.26
-0.726,1,-5.85,-4.72
-0.856,0.894,-3.21,-2.79
-0.725,1.01,-5.06,-4.89
-0.878,0.943,-4.47,-4.64
-1.02,0.831,-5.37,-3.85
-0.776,0.757,-4.14,-5.41
-1.06,0.797,-4.29,-3.91
-1.08,0.882,-5.93,-4.87
-1.03,0.872,-5.91,-4.2
-1.04,1.04,-4.96,-6.08
-1.05,0.704,-4.26,-5.73
-0.898,0.75,-4.79,-5.64
-0.895,0.876,-4.08,-6.24
-0.955,0.874,-3.64,-5.02
-0.865,0.794,-5.7,-5.38
-0.928,0.765,-4.36,-5.01
-0.972,0.644,-4.62,-4.92
-0.865,0.863,-3.91,-5.32
-0.764,0.584,-6.02,-3.68
-0.914,0.862,-5.74,-4.78
-0.818,0.728,-5.31,-5.18
-0.938,0.669,-4.81,-5.09
-0.829,0.932,-5.88,-5.13
-1.09,0.937,-4.09,-7.44
-0.861,0.726,-6.04,-4.36
-0.98,0.642,-6.37,-7.21
-0.934,0.534,-6.27,-5.3
-0.836,0.622,-4.46,-4.96
-0.984,0.586,-4.51,-3.24
-0.803,0.716,-5.54,-3.88
-0.959,0.817,-4.8,-5.17
-0.889,0.737,-4.23,-4.16
-0.867,0.585,-5.67,-6.25
-0.76,0.611,-5.49,-4.81
-0.691,0.669,-5.35,-5
-0.825,0.789,-5.85,-5.7
-0.927,0.59,-5.13,-7.54
-0.962,0.585,-5.7,-5.56
-0.81,0.736,-5.37,-5.41
-0.653,0.793,-4.36,-5.49
-0.856,0.755,-4.67,-6.29
-0.901,0.743,-6.1,-4.1
-0.79,0.615,-4.26,-6.41
-0.862,0.535,-6.36,-6.05
-0.776,0.519,-3.88,-4.28
-0.671,0.742,-4.69,-2.32
-0.748,0.593,-5.92,-5.01
-0.881,0.465,-4.07,-6.34
-0.832,0.713,-4.91,-5.9
-0.578,0.762,-4.45,-4.86
-1.02,0.689,-6.34,-2.17
-0.805,0.674,-3.97,-5.75
-0.935,0.529,-2.82,-4.83
-0.743,0.662,-5.54,-4.61
-0.845,0.54,-5.54,-6.1
-0.746,0.445,-3.41,-4.38
-0.63,0.458,-4.72,-6.64
-0.696,0.498,-5.54,-5.09
-0.626,0.613,-5.16,-6.06
-0.807,0.545,-6.54,-3.84
-0.675,0.484,-6,-5.68
-0.813,0.626,-4.89,-4.03
-0.655,0.385,-3.55,-5.3
-0.605,0.446,-4.86,-5
-0.725,0.597,-5.61,-5.5
-0.482,0.343,-4.93,-6.12
-0.625,0.568,-5.82,-5.71
-0.656,0.369,-5.43,-5.77
-0.69,0.402,-4.99,-4.5
-0.747,0.428,-5.22,-3.86
-0.768,0.556,-4.29,-5.29
-0.577,0.436,-2.87,-5.04
-0.677,0.406,-5.7,-5.62
-0.658,0.47,-2.84,-5.06
-0.61,0.511,-5.7,-4.26
-0.747,0.294,-6.14,-5.05
-0.698,0.287,-5.4,-6.24
-0.576,0.311,-5.58,-6.23
-0.705,0.435,-3.36,-5.22
-0.671,0.497,-2.41,-5.45
-0.429,0.223,-5.29,-4.1
-0.689,0.464,-5.39,-4.63
-0.634,0.422,-3.53,-5.2
-0.449,0.22,-5.22,-4.99
-0.553,0.354,-4.18,-4.84
-0.567,0.381,-5.1,-4.55
-0.539,0.324,-4.8,-4.88
-0.554,0.462,-4.53,-6.32
-0.73,0.545,-4.69,-5.54
-0.611,0.322,-5.01,-7.57
-0.806,0.345,-6.09,-5.46
-0.617,0.354,-6.41,-5.21
-0.691,0.406,-5.29,-3.2
-0.653,0.464,-4.33,-5
-0.608,0.263,-4.01,-5.08
-0.608,0.429,-4.9,-4.87
-0.637,0.342,-4.14,-4.05
-0.708,0.264,-4.73,-4.79
-0.593,0.412,-4.69,-4.99
-0.484,0.114,-5.13,-5.37
-0.622,0.417,-3.47,-4.46
-0.436,0.462,-5.46,-3.56
-0.494,0.166,-6.13,-6.39
-0.608,0.261,-5,-4.48
-0.639,0.21,-4.81,-5.16
-0.519,0.416,-4.85,-3.97
-0.712,0.307,-2.84,-5.73
-0.627,0.206,-5.41,-4.6
-0.64,0.369,-5.08,-3.66
-0.537,0.333,-5.18,-4.17
-0.523,0.207,-4.1,-4.57
-0.623,0.254,-6.52,-4.83
-0.338,0.41,-4.63,-4.43
-0.382,0.392,-5.01,-5.32
-0.488,0.362,-4.07,-5.18
-0.403,0.154,-4.81,-4.52
-0.427,0.451,-4.82,-3.54
-0.684,0.206,-7.14,-4.04
-0.522,0.401,-4.86,-4.9
-0.477,0.184,-5.42,-2.98
-0.558,0.298,-5.69,-3.47
-0.555,0.0301,-4.19,-4.58
-0.304,0.317,-6.04,-5.27
-0.542,0.165,-5.1,-3.99
-0.457,0.112,-5.04,-6.8
-0.544,0.321,-4.93,-3.48
-0.585,0.153,-3.45,-6.67
-0.621,0.311,-8.18,-7.65
-0.397,0.336,-4.9,-4.1
-0.545,0.147,-6.07,-5.01
-0.429,0.294,-4.2,-4.39
-0.526,0.277,-4.64,-4.46
-0.577,0.188,-4.69,-4.54
-0.463,0.0563,-5.32,-3.91
-0.449,0.176,-6.54,-4.79
-0.348,0.0677,-6.11,-5.58
-0.414,0.177,-5.24,-5
-0.344,0.19,-5.39,-2.37
-0.4,0.281,-4.49,-4
-0.449,0.21,-4.17,-5.65
-0.409,0.0989,-5.43,-3.63
-0.387,0.105,-6,-4.8
-0.363,0.111,-5.81,-7.42
-0.317,0.164,-5.38,-4.83
-0.364,0.0927,-4.77,-5.64
-0.186,0.184,-3.66,-7.48
-0.429,0.227,-5.18,-5.87
-0.382,0.173,-4.64,-4.58
-0.304,0.179,-5.17,-6.53
-0.389,0.245,-4.8,-5.4
-0.3,0.12,-5.77,-3.99
-0.365,0.112,-6.05,-6.04
-0.437,0.118,-5.14,-4.22
-0.2,0.0286,-5.16,-7.5
-0.492,0.0389,-4.86,-3.99
-0.377,0.285,-5.46,-4.96
-0.3,0.125,-4.86,-5.24
-0.392,0.0631,-6.05,-2.85
-0.212,0.208,-6.24,-4.92
-0.0706,0.17,-5.21,-6.69
-0.31,0.0608,-2.71,-6.2
-0.372,0.0501,-4.81,-5.76
-0.207,-0.151,-2.91,-6.25
-0.26,0.0989,-6.1,-5.63
-0.334,-0.0533,-4.07,-3.82
-0.443,0.0255,-5.25,-3.35
-0.163,0.0909,-5.67,-4.57
-0.285,0.289,-5.74,-2.59
-0.503,0.0956,-5.32,-3.7
-0.388,0.16,-5.06,-5.17
-0.297,0.197,-3.87,-7.22
-0.219,0.115,-5.07,-3.36
-0.476,0.116,-3.39,-5.1
-0.218,0.0243,-4.89,-4.89
-0.239,-0.0225,-5.83,-2.83
-0.431,0.0639,-5.11,-3.09
-0.324,0.0635,-5.39,-6.23
-0.301,0.0792,-2.56,-5.56
-0.27,0.224,-4.92,-5.17
-0.135,-0.00328,-5.17,-5.5
-0.373,-0.0236,-4.14,-4.68
-0.161,0.186,-5.56,-4.02
-0.168,-0.134,-5.27,-4.57
-0.366,0.0621,-6.73,-5.08
-0.335,0.158,-6.63,-6.73
-0.104,-0.0734,-4.11,-5.23
-0.00567,0.0265,-5.08,-5.24
-0.165,0.0152,-4.78,-5.99
-0.202,0.000501,-4.66,-5.24
-0.132,-0.163,-5.73,-5.33
-0.248,-0.063,-4.99,-5.47
-0.155,0.0541,-3.11,-6.03
-0.0631,0.0794,-5.2,-4.42
-0.0611,0.21,-4.25,-3.97
-0.256,0.0598,-5.32,-4.59
-0.39,-0.105,-5.07,-5.04
-0.217,-0.0426,-6.41,-5.15
-0.00626,0.0621,-2.32,-5.67
-0.253,0.00704,-5.75,-6.28
-0.174,0.0613,-4.89,-3.24
-0.0473,0.105,-4.06,-3.83
-0.0896,-0.0784,-4.73,-4.28
-0.229,-0.196,-5.33,-3.99
0.0704,0.178,-3.27,-5.45
-0.0925,-0.0105,-5.88,-5.11
-0.004,0.0939,-7.48,-5.78
-0.093,-0.111,-6.23,-6.13
-0.264,-0.0634,-4.91,-4.82
-0.276,-0.0241,-4.95,-4.73
-0.301,0.0863,-4.87,-6.66
-0.102,-0.0785,-4.29,-5.11
-0.198,0.0636,-3.78,-4.87
-0.0202,-0.0976,-4.04,-5.99
-0.236,0.133,-3.81,-3.6
-0.0478,0.096,-4.85,-4.69
-0.0103,-0.0426,-3.03,-5.32
-0.241,0.0579,-4.01,-5.79
0.0347,0.0806,-6.53,-5.56
-0.117,0.19,-6.75,-4.86
-0.159,-0.0551,-4.74,-7.51
-0.145,0.0523,-3.56,-5.33
-0.191,0.079,-3.99,-3.96
-0.113,-0.268,-5.58,-4.23
-0.0871,0.0316,-6.31,-5.74
0.0376,-0.0187,-3.24,-4.78
0.0368,0.139,-4.35,-6.27
-0.139,0.0787,-4.42,-5.26
-0.149,0.0239,-5.46,-5.26
-0.204,-0.143,-4.94,-3.74
0.114,-0.09,-3.58,-6.28
0.147,-0.0952,-5.68,-6.6
-0.0395,-0.0487,-5.32,-3.66
0.0219,0.0257,-6.29,-3.33
-0.124,0.126,-5.32,-5.66
-0.117,0.122,-4.33,-4.94
0.0603,0.0798,-6.09,-6.11
-0.0764,-0.0362,-5.38,-3.89
-0.0856,0.0893,-5.4,-4.29
0.166,-0.123,-5.82,-6.5
-0.00127,-0.137,-6.51,-4.42
-0.189,0.193,-2.87,-3.89
-0.109,-0.139,-6.77,-4.58
-0.027,-0.0893,-4.37,-5.02
0.114,0.0493,-2.56,-4.26
-0.11,-0.0822,-5.36,-4.64
0.0239,0.0843,-4.64,-5.26
-0.0575,-0.0276,-3.8,-5.03
0.0577,-0.0418,-4.95,-5.98
0.00245,-0.109,-4.77,-6.16
-0.0125,0.0254,-6.1,-4.59
0.00113,0.148,-3.86,-4.33
0.0926,-0.0217,-5.27,-4.59
-0.0262,0.0863,-4.56,-5.97
-0.0677,0.121,-7.03,-3.87
-0.0296,0.00218,-4.77,-4.04
-0.00946,-0.0358,-5.2,-6.43
-0.0356,-0.000638,-4.89,-4.81
0.176,0.00332,-6.19,-6.62
0.128,0.000968,-4.81,-4.58
0.328,0.0919,-5.07,-8.2
0.0596,-0.102,-6.08,-4.61
0.0753,0.122,-4.08,-4.05
-0.0754,0.0522,-4.37,-3.69
-0.0609,-0.0159,-5.44,-5.46
0.0749,0.192,-5.56,-4.8
0.0634,-0.0227,-5.52,-5.28
0.256,0.098,-3.35,-4.3
0.0686,0.00216,-6.6,-5.99
0.00328,0.107,-4.85,-6.45
0.203,0.139,-5.36,-5.18
0.215,0.0764,-6.38,-4.41
0.232,0.00147,-5.91,-5.25
0.0935,0.153,-4.54,-4.31
0.123,-0.0148,-5.01,-3.81
0.241,0.0937,-4.73,-4.54
0.134,-0.0537,-6.31,-4.27
0.288,-0.00541,-4.05,-4.15
0.207,0.112,-6.11,-4.55
0.207,0.0269,-5.14,-6.4
0.157,0.0562,-5.77,-4.87
0.101,-0.0573,-5.21,-4.45
0.332,0.0139,-4.62,-4.78
0.382,0.0132,-4.78,-5.43
0.173,0.0408,-6.17,-4.84
0.128,0.0408,-5.72,-5.93
0.191,0.0455,-3.79,-5.98
0.203,0.117,-6.15,-5.71
0.196,0.0313,-5.01,-5.11
0.281,0.0322,-5.08,-6.22
0.164,0.047,-5.1,-5.53
0.291,0.0809,-5.66,-3.36
0.314,0.0715,-5.33,-4.8
0.343,-0.126,-5.58,-4.96
0.452,0.153,-3.95,-4.46
0.243,0.0887,-4.5,-3.55
0.198,-0.0651,-5.43,-4.76
-0.0842,0.199,-5.39,-7.84
0.304,0.0019,-4.9,-4.73
0.053,0.293,-6.06,-4.37
0.368,-0.0497,-5.67,-4.92
0.32,0.22,-4.68,-3.31
0.15,-0.0742,-4.37,-3.71
0.304,0.062,-5.26,-7.46
0.401,-0.0298,-5.64,-5.18
0.255,0.0791,-5.15,-3.73
0.426,0.0949,-4.31,-6.87
0.246,-0.052,-4.61,-4.91
0.242,0.254,-4.1,-5.05
0.16,0.173,-3.97,-6.34
0.322,0.0938,-6.22,-5.9
0.373,-0.00804,-6.5,-6.37
0.454,0.142,-4.45,-5.85
0.219,-0.0763,-5.77,-5.55
0.272,0.0683,-3.33,-6.39
0.368,0.0542,-3.52,-2.54
0.161,0.143,-4.48,-5.43
0.433,-0.0811,-6.6,-5.38
0.322,0.18,-4.58,-4.66
0.262,0.00357,-5.7,-6.39
0.168,0.189,-5.04,-6.58
0.335,0.141,-4.54,-3.2
0.335,0.133,-4.03,-5.42
0.371,0.141,-5.64,-3.61
0.319,0.0335,-4.22,-5.36
0.391,0.241,-4.07,-4.09
0.477,0.157,-6.09,-2.21
0.479,0.0827,-4.89,-3.54
0.267,0.187,-3.64,-5.18
0.332,-0.0134,-5.41,-5.5
0.456,0.308,-6.28,-5.13
0.209,0.209,-5.36,-5.4
0.427,0.134,-4.95,-6.4
0.25,0.181,-4.56,-4.67
0.343,0.181,-4.34,-4.78
0.391,0.229,-4.55,-4.45
0.482,0.303,-3.87,-4.78
0.276,0.0863,-3.99,-5.26
0.295,0.0766,-5.03,-5.69
0.371,0.287,-5.34,-5.1
0.406,0.152,-4.26,-5.26
0.437,-0.00311,-4.91,-4.65
0.241,0.29,-3.35,-6.75
0.366,0.0817,-3,-5.94
0.469,0.129,-4.67,-5.76
0.379,0.181,-6.48,-5.82
0.333,0.187,-6.54,-5.92
0.538,0.0663,-4.56,-6.68
0.441,0.114,-5.32,-4.59
0.431,0.0562,-5.14,-3.23
0.502,0.203,-4.16,-5.98
0.402,-0.0143,-6.04,-6.22
0.456,0.133,-5.7,-3.21
0.56,0.237,-4.04,-5.93
0.455,0.255,-5.68,-3.9
0.242,0.204,-5.52,-3.62
0.294,0.13,-6.34,-4.44
0.601,0.0988,-3.46,-6.5
0.396,0.232,-4.79,-3.84
0.539,0.213,-3.49,-4.87
0.33,0.321,-4.96,-4.23
0.361,0.0341,-7.04,-5.75
0.499,0.32,-5.5,-6.71
0.469,0.2,-5.23,-6.08
0.358,0.201,-3.67,-5.34
0.447,0.074,-5.94,-5.18
0.546,0.247,-3.62,-3.68
0.615,0.273,-6.58,-5.51
0.656,0.311,-4.17,-5.84
0.72,0.246,-4.82,-4.57
0.412,0.245,-3.98,-4.19
0.514,0.201,-5.65,-4.88
0.64,0.233,-5.67,-4.7
0.478,0.195,-4.47,-4.2
0.442,0.321,-5.34,-4.98
0.541,0.258,-6.2,-2.86
0.462,0.135,-5.33,-5.95
0.327,0.128,-4.74,-6.15
0.375,0.255,-4.66,-5.98
0.57,0.377,-3.72,-3.04
0.575,0.234,-3.76,-3.77
0.709,0.333,-3.48,-4.89
0.476,0.216,-2.99,-4.06
0.71,0.295,-4.58,-3.82
0.524,0.547,-4.96,-5.79
0.376,0.454,-5.42,-4.48
0.614,0.295,-4.31,-4.04
0.648,0.359,-5.41,-5.89
0.558,0.363,-5.82,-6.01
0.408,0.238,-6.61,-4.31
0.631,0.183,-5.1,-4.46
0.457,0.291,-5.36,-3.23
0.572,0.267,-4.54,-5.52
0.61,0.55,-4.42,-6.08
0.565,0.421,-6.07,-4.87
0.617,0.414,-3.69,-5.54
0.451,0.447,-6.05,-4.55
0.844,0.305,-5.33,-3.63
0.562,0.254,-4.58,-5.68
0.608,0.509,-4.15,-4.89
0.447,0.31,-4.38,-5.74
0.838,0.444,-5.74,-7.1
0.741,0.493,-6,-5.91
0.52,0.486,-3.18,-2.98
0.648,0.293,-5.31,-5.04
0.756,0.398,-3.98,-4.5
0.675,0.449,-4.39,-5.64
0.626,0.515,-3.63,-4.77
0.678,0.444,-5.46,-4.19
0.584,0.506,-5.58,-4.47
0.536,0.345,-4.98,-3.51
0.792,0.475,-5.63,-4.3
0.585,0.6,-4.58,-4.6
0.669,0.451,-5.27,-6.76
0.671,0.544,-5.71,-7.13
0.738,0.402,-3.85,-5.55
0.827,0.619,-5.52,-3.52
0.643,0.453,-5.21,-5.85
0.779,0.432,-5.21,-4.69
0.66,0.496,-5.09,-6.09
0.755,0.385,-2.47,-5.09
0.892,0.387,-4.9,-5.94
0.439,0.499,-5.19,-5.01
0.626,0.375,-3.99,-4.93
0.751,0.628,-3.27,-5.34
0.844,0.409,-2.94,-4.77
0.799,0.573,-4.8,-5.04
0.686,0.457,-2.91,-7.26
0.745,0.569,-5.74,-3.86
0.852,0.579,-5.61,-4.97
0.824,0.478,-4.94,-5.92
0.671,0.626,-4.57,-5.61
0.726,0.554,-6.72,-4.45
0.814,0.592,-4.98,-6.18
0.868,0.502,-5.19,-5.65
0.771,0.463,-5.98,-3.99
0.83,0.612,-5.45,-2.61
0.8,0.552,-3.44,-5.37
0.745,0.831,-5.28,-3.77
0.867,0.597,-6.28,-4.17
0.873,0.543,-5.03,-6.56
0.874,0.729,-4.77,-4.15
0.831,0.542,-4.67,-5.18
0.982,0.771,-7.63,-3.8
0.739,0.714,-4.61,-5.98
0.782,0.798,-5.12,-4.76
0.893,0.59,-6.07,-5.81
0.822,0.593,-5.32,-4.36
0.815,0.569,-6.33,-3.79
0.882,0.688,-6.94,-3.84
0.848,0.668,-5.83,-5.84
0.774,0.729,-4.7,-5.9
0.896,0.782,-4.41,-5.11
0.795,0.924,-4.54,-4.06
0.918,0.684,-3.44,-4.24
0.88,0.934,-4.01,-5.81
0.843,0.691,-5.42,-5.48
0.891,0.718,-5.62,-5.81
0.786,0.72,-4.58,-5.99
0.893,0.598,-5.84,-5.55
0.848,0.512,-5.33,-3.23
0.926,0.978,-4.11,-4.23
0.795,0.812,-4.76,-6.11
0.869,0.737,-3.64,-4.45
1.01,0.564,-5.73,-4.73
0.974,0.761,-4.97,-3.87
1.04,0.677,-6.5,-5.4
0.951,0.857,-5.42,-5.1
0.807,0.954,-5.79,-5.21
0.993,0.941,-4.62,-5.86
0.943,0.776,-6.21,-4.46
0.808,0.85,-4.76,-5.33
0.968,0.966,-4.93,-6.12
0.852,0.78,-4.13,-5.15
0.908,0.812,-5.77,-5.21
0.907,0.713,-6.13,-5.52
0.84,0.762,-6.82,-6.12
0.887,0.841,-5.66,-3.77
0.856,1,-4.48,-5.57
1.01,0.93,-4.63,-3.64
0.851,0.923,-4.54,-3.33
1.02,0.996,-4.42,-5.76
1.04,0.995,-4.47,-5.21
0.902,0.925,-5.11,-5.17
0.829,0.865,-5.97,-3.42
0.946,0.962,-3.82,-3.89
1.02,1.05,-6.94,-7.8
1,1.14,-3.9,-5.5
0.909,1.15,-6.24,-5.47
0.984,1.1,-6.44,-4.22
0.959,0.872,-4.54,-3.29
0.904,0.951,-5.29,-6.09
0.955,1.1,-5.17,-4.93
1.01,0.902,-5.08,-4.48
1.13,1.14,-4.01,-4.35
1.11,0.967,-4.94,-5.74
0.923,1.04,-5.13,-3.95
0.999,0.876,-5.65,-5.58
1.15,0.891,-4.04,-5.1
0.905,0.981,-5.16,-5.91
1.05,0.991,-5.66,-2.58
0.894,1.15,-3.78,-4.32
1.07,1.07,-6.19,-6.82
1.06,1.24,-5.4,-6.37
0.987,1.09,-5.43,-5.21
1.1,0.968,-5.91,-5.22
1.09,1.01,-4.52,-6.8
1.29,1.01,-3.25,-4.78
1.25,1.2,-2.64,-5.34
1.07,1.02,-5.45,-3.05
0.997,1.1,-5.9,-5.04
0.955,1.09,-4.61,-6.39
0.936,1.26,-5.78,-6.41
1.08,1.26,-5.95,-5.74
1.12,1.33,-4.65,-5.35
1.08,1.17,-6.62,-4.71
0.95,1.06,-5.75,-4.13
1.18,1.24,-3.99,-6.61
1.15,1.3,-7,-4.83
1.04,1.24,-4.61,-6.85
1.05,1.26,-5.03,-4.72
1.13,1.16,-4.84,-6.06
0.942,1.38,-4.51,-4.04
1.19,1.25,-5.93,-5.33
1.27,1.26,-4.59,-3.57
1.07,1.4,-5.7,-3.93
1.19,1.25,-5.88,-4.93
0.984,1.36,-3.21,-5.26
1.1,1.24,-4.44,-4.75
1.21,1.24,-5.55,-4.24
1.21,1.29,-6.04,-4.42
0.986,1.38,-5.62,-6.12
1.19,1.15,-5.98,-5.04
1.37,1.56,-5.7,-6.14
1.02,1.43,-5.1,-6.32
1.29,1.38,-3.18,-4.66
1.27,1.58,-5.1,-3.75
1.22,1.51,-4.65,-3.32
1.26,1.32,-4.8,-5.06
1.12,1.48,-2.92,-5.4
1.08,1.36,-3.93,-3.81
1.08,1.47,-5.64,-4.78
1.2,1.6,-6.04,-4.32
1.15,1.55,-5.53,-4.48
1.09,1.33,-3.38,-4.07
1.15,1.56,-5.33,-4.19
1.09,1.18,-3.35,-3.98
1.34,1.48,-2.6,-2.85
1.07,1.62,-5.27,-3.78
1.22,1.53,-2.76,-4.15
1.23,1.51,-4.55,-5.14
1.29,1.57,-5.92,-4.72
1.17,1.49,-4.81,-3.73
1.26,1.46,-5.44,-4.1
1.23,1.67,-4.28,-4.68
1.25,1.65,-5.35,-4.4
1.28,1.55,-6.08,-4.19
1.42,1.58,-5.09,-4.92
1.26,1.73,-6.53,-5.24
1.31,1.51,-6.78,-6.58
1.36,1.56,-3.24,-3.33
1.3,1.52,-5.39,-6.26
1.25,1.33,-5.94,-3.56
1.16,1.77,-3.86,-4.91
1.29,1.86,-5.43,-5.69
1.35,1.87,-3.91,-3.85
1.19,1.84,-5.45,-3.35
1.35,1.73,-5.42,-3.91
1.44,1.76,-5.19,-4.18
1.36,1.85,-4.08,-4.88
1.54,1.77,-3.55,-3.97
1.32,1.72,-4.46,-5.75
1.32,1.84,-5.08,-4.94
1.56,1.61,-5.03,-5.86
1.34,1.97,-5.18,-5.22
1.36,1.86,-5.72,-5.86
1.43,1.72,-4.13,-5.83
1.37,1.76,-5.07,-5.15
1.3,1.79,-5.95,-6.15
1.33,1.82,-4.2,-5.62
1.34,1.94,-3.96,-3.89
1.32,1.75,-5.02,-4.28
1.49,1.84,-3.85,-6.93
1.22,1.95,-5.68,-3.81
1.39,1.83,-5.56,-5.36
1.32,1.89,-4.86,-5.41
1.34,1.88,-6.88,-4.63
1.56,2,-5.03,-5.95
1.3,1.82,-3.43,-5.03
1.42,2.12,-4.72,-5.44
1.46,1.93,-5.94,-4.54
1.38,2.02,-4.77,-4.92
1.47,2.11,-2.97,-5.99
1.43,2.03,-5.11,-5.21
1.25,1.94,-5.68,-5.18
1.41,1.97,-5,-5.23
1.47,1.93,-4.93,-5.13
1.46,1.88,-4.67,-4.96
1.58,1.89,-6.45,-5.21
1.35,1.9,-4.85,-4.7
1.54,2.07,-6.75,-7.24
1.4,2.11,-5.08,-6.24
1.26,2,-5.07,-5.41
1.48,2.21,-4.69,-4.43
1.46,2.2,-5.42,-4.54
1.46,2.09,-3.9,-5.47
1.44,2.22,-5.49,-5.28
1.57,2.11,-6.14,-3.76
1.56,2.17,-6.02,-6.88
1.5,2.21,-7.39,-6.86
1.54,2.43,-4,-2.76
1.5,2.3,-5.08,-7.75
1.35,2.23,-4.26,-3.76
1.37,2.08,-4.4,-5.24
1.52,2.44,-3.58,-3.75
1.64,2.11,-5.73,-4.37
1.32,2.24,-4.54,-4.93
1.52,2.27,-4.59,-4.41
1.3,2.22,-4.3,-5.32
1.51,2.2,-6.12,-5.96
1.51,2.38,-5.58,-4.69
1.5,2.24,-4.76,-4.28
1.59,2.31,-7.05,-5.41
1.69,2.37,-4.82,-4.35
1.44,2.49,-4.48,-4.91
1.33,2.26,-4.86,-3.7
1.56,2.37,-4.91,-6.49
1.55,2.29,-3.86,-5.59
1.53,2.22,-5.9,-7.55
1.57,2.41,-5.68,-5.2
1.58,2.45,-3.18,-4.24
1.47,2.46,-4.36,-5.1
1.68,2.58,-4.32,-5.34
1.58,2.69,-5.57,-3.82
1.65,2.36,-2.97,-5.19
1.76,2.53,-5.21,-5.21
1.49,2.37,-7.01,-5.33
1.66,2.29,-5.43,-3.03
1.64,2.3,-3.86,-4.88
1.64,2.56,-6.66,-4.72
1.63,2.45,-4.35,-3.25
1.7,2.67,-6.75,-6.34
1.45,2.58,-5.65,-4.3
1.54,2.6,-5.62,-5.87
1.61,2.59,-3.14,-5.27
1.52,2.63,-5.55,-6.9
1.55,2.72,-5.84,-5.5
1.82,2.62,-4.03,-6.37
1.7,2.56,-5.13,-4.31
1.76,2.55,-4.08,-2.49
1.67,2.52,-5.31,-6.8
1.78,2.59,-4.63,-4.55
1.71,2.56,-5,-5.36
1.83,2.72,-2.73,-6.65
1.7,2.78,-6.81,-4.7
1.71,2.7,-5.93,-3.72
1.67,2.68,-5.46,-2.51
1.61,2.76,-4.61,-5.35
1.69,2.88,-5.65,-5.23
1.55,2.78,-4.23,-3.53
1.71,2.73,-3.21,-4.91
1.61,2.74,-4.73,-6.39
1.7,2.69,-3.14,-3.84
1.64,2.63,-5.17,-4.78
1.48,2.74,-5.4,-5.23
1.74,2.82,-4.86,-7.38
1.69,3.05,-4.58,-5.51
1.68,2.97,-3.77,-6.76
1.64,2.93,-5.24,-7.39
1.65,3.08,-7.27,-5.37
1.82,3,-4.31,-4.07
1.79,3.05,-4.38,-4.74
1.63,2.9,-6.63,-5.03
1.79,3.03,-6.26,-6.42
1.84,3.01,-4.71,-5.13
1.75,2.92,-5.83,-4.07
1.75,2.98,-4.13,-5.61
1.67,3.12,-6.71,-4.9
1.77,3.19,-5.15,-4.7
1.93,3.17,-5.38,-5.14
1.7,3.08,-6.13,-5.39
1.71,3.24,-4.44,-6.07
1.52,3.09,-4.46,-6.04
1.64,3.17,-5.21,-6.59
1.92,3.2,-5.22,-4.93
1.74,3.28,-4.54,-4.81
1.9,3.32,-4.86,-5.73
1.89,3.21,-5.21,-4.38
1.96,3.25,-2.37,-4.88
1.96,3.18,-4.1,-4.22
1.73,3.05,-5.76,-5.75
1.76,3.31,-7.05,-3.44
1.9,3.17,-5.74,-2.75
1.84,3.16,-4.4,-5.16
1.76,3.35,-4.65,-4.38
1.87,3.44,-8.15,-6.03
1.87,3.3,-6.82,-6.45
1.71,3.47,-3.89,-4.24
1.8,3.4,-4.76,-4.45
1.74,3.37,-4.8,-5.54
1.92,3.4,-5.56,-4.62
1.88,3.46,-5.52,-5.14
1.99,3.34,-4.67,-5.24
1.71,3.56,-4.41,-2.91
1.82,3.46,-4.39,-4.82
2,3.5,-4.32,-4.71
1.79,3.55,-6.21,-4.79
1.83,3.44,-3.8,-6.1
1.87,3.38,-6.12,-4.33
1.83,3.47,-4.4,-3.62
2.03,3.48,-5.89,-5.35
1.94,3.43,-5.12,-5.19
1.8,3.41,-5.91,-4.05
1.78,3.51,-4.2,-5.81
2.01,3.53,-4.97,-6.74
1.89,3.4,-4.92,-4.95
1.8,3.58,-5.58,-6.74
1.83,3.66,-5.83,-3.93
1.75,3.67,-5.69,-5.38
2.02,3.69,-5.04,-5.09
1.93,3.7,-4.76,-5.32
2.08,3.68,-4.7,-3.91
2.01,3.83,-4.4,-2.89
1.91,3.84,-6.32,-5.05
1.84,3.86,-3.46,-5.29
1.84,3.78,-6.82,-4.98
1.99,3.78,-2.8,-6.26
1.96,3.78,-5.89,-4.26
1.88,3.7,-3.33,-6
1.97,3.71,-5.72,-7.52
2.07,3.8,-4.68,-5.23
1.95,4.06,-3.5,-7.21
1.82,3.74,-5.47,-3.67
1.96,4,-5.4,-5.26
1.83,3.78,-4.84,-4.81
2.06,3.81,-5.33,-5.83
1.98,3.83,-3.65,-5.52
2,3.88,-4.02,-6.41
2.07,3.77,-6.56,-4.55
1.86,3.95,-3.65,-5.63
1.89,4.06,-4.36,-4.88
2.02,4.05,-4.81,-4.8
-2.13,3.92,4.62,5.11
-2.11,3.94,5.19,4.56
-1.9,4.11,5.1,4.9
-2.04,3.95,6.19,4.93
-1.98,3.92,5.1,3.31
-1.93,3.86,2.94,4.77
-2.12,3.98,5.3,4.38
-2.05,3.96,3.63,7.89
-2.11,3.86,4.84,5.25
-1.93,3.8,4.47,3.83
-1.92,3.74,5.05,4.05
-1.96,3.86,4.28,3.65
-1.84,3.84,4.28,6.32
-1.9,3.74,4.67,6.25
-1.77,3.82,5.82,6.24
-1.95,3.64,4.46,4.41
-1.71,3.64,6.42,5.13
-1.83,3.63,4.16,3.4
-1.82,3.73,5.88,4.08
-1.8,3.76,5.41,5.02
-1.86,3.77,3.1,4.74
-1.86,3.61,5.63,3.96
-1.84,3.66,6.01,5.28
-1.82,3.56,5.59,6.74
-1.88,3.58,5.85,5.27
-2.16,3.54,3.75,5.43
-1.9,3.66,3.67,3.96
-1.79,3.61,6.93,4.7
-2.19,3.47,6.31,6.08
-1.67,3.59,5.9,5.25
-1.93,3.5,4.37,5.43
-1.85,3.58,3.96,6.22
-1.84,3.45,4.51,4.88
-1.87,3.44,4.06,4.98
-1.87,3.55,4.69,4.97
-1.89,3.4,7.52,5.15
-1.74,3.34,5.63,3.08
-2,3.37,4.07,4.2
-1.7,3.49,5.47,5.21
-1.86,3.41,3.5,4.03
-1.9,3.38,4.24,4.49
-1.71,3.43,4.24,6.27
-1.85,3.42,6.05,5.45
-1.79,3.61,7.11,3.79
-1.87,3.2,5.37,6.29
-1.88,3.33,4.37,5.27
-1.87,3.34,4.23,4.07
-1.8,3.22,4.59,4.62
-1.81,3.18,7.63,6.57
-1.75,3.2,3.39,3.98
-1.81,3.35,5.85,5.16
-1.76,3.21,5.76,5.13
-1.8,3.13,5.07,1.55
-1.73,3.09,4.06,4.01
-1.77,2.99,5.18,3.83
-2.01,3.23,6.56,4.25
-1.73,3.07,4.5,5.3
-1.55,3.16,5.8,5.5
-1.75,3.19,4.82,5.32
-1.74,3.18,5.12,3.02
-1.92,3.15,5.87,5.44
-1.78,3.21,6.23,5.48
-1.73,3.22,5.01,6.33
-1.8,2.99,6.49,2.88
-1.59,3.08,4.87,4.31
-1.72,3.03,6.42,4.91
-1.79,3.03,3.88,4.08
-1.75,3.15,3.72,5.37
-1.73,3.01,6.68,5.01
-1.73,3.04,5.31,6.48
-1.75,2.86,4.15,5.12
-1.74,2.98,5.21,5.29
-1.76,2.85,4.42,6.89
-1.6,2.87,5.46,2.84
-1.7,2.85,5.56,5.2
-1.51,3.08,5.28,5.51
-1.71,2.72,6.22,5.81
-1.67,2.74,3.05,5.78
-1.63,2.8,6.29,4.87
-1.83,2.84,6,5.67
-1.75,2.77,4.24,5.11
-1.85,2.81,2.72,4.39
-1.56,2.78,5.02,6.05
-1.92,2.86,5.59,6.69
-1.75,2.73,3.9,4.21
-1.79,2.75,4.38,6.39
-1.79,2.76,5.72,3.59
-1.74,2.71,5.77,3.66
-1.54,2.94,6.62,4.52
-1.68,2.73,4.18,3.84
-1.45,2.51,4.87,5.02
-1.55,2.59,3.81,4.82
-1.64,2.64,3.97,3.83
-1.67,2.68,3.46,3.23
-1.67,2.62,5.32,6.37
-1.63,2.62,5.8,3.62
-1.74,2.64,5.51,6.46
-1.7,2.48,4.04,5.19
-1.82,2.58,4.47,5.52
-1.6,2.57,4.58,6.03
-1.51,2.49,5.2,5.28
-1.58,2.71,4.97,5.53
-1.54,2.47,4.38,4.9
-1.61,2.53,4.49,3.53
-1.51,2.56,5.77,6.17
-1.56,2.44,5.32,3.96
-1.6,2.56,7.01,3.66
-1.57,2.41,4.54,3.14
-1.45,2.6,4.69,5.5
-1.46,2.41,5.21,4.76
-1.57,2.43,6.32,4.39
-1.6,2.47,5.19,4.9
-1.58,2.44,4.13,4.27
-1.42,2.49,4.13,5.42
-1.54,2.36,3.57,4.75
-1.39,2.29,4.86,4.12
-1.51,2.26,5.92,2.94
-1.41,2.44,5.41,6.04
-1.42,2.35,6.54,4.4
-1.67,2.18,4.99,5.67
-1.47,2.35,4.67,5.78
-1.63,2.16,5.99,5.07
-1.52,2.4,6.29,3.93
-1.49,2.29,5.27,4.23
-1.45,2.39,4.43,6.69
-1.75,2.32,5.43,4.85
-1.55,2.3,5.39,5.82
-1.63,2.09,3.82,4.17
-1.5,2.07,5.12,4.62
-1.44,2.17,6.21,3.76
-1.5,2.2,5.15,4.48
-1.31,2.35,5.24,5.9
-1.5,2.19,4.92,5.32
-1.45,2.15,6.08,5.56
-1.43,2.02,4.38,5.77
-1.73,2.08,6.23,3.2
-1.53,2.15,3.84,4.91
-1.33,2.14,4.57,5.98
-1.4,2.06,4.67,6.16
-1.66,1.98,3.63,4.12
-1.39,2.02,4.11,5.61
-1.44,2.07,5.62,6.26
-1.5,2.15,5.21,5
-1.38,2.05,5,5.82
-1.33,2.01,4.83,6.78
-1.51,2.18,4.41,4.07
-1.3,1.97,6.08,4.41
-1.39,1.87,7.15,5.14
-1.38,1.96,3.24,6.03
-1.35,2.06,6.74,5.49
-1.31,1.78,6.68,4.4
-1.3,2.01,5.69,4.84
-1.3,2.08,4.85,5.43
-1.36,1.95,3.76,5.03
-1.26,1.95,5.81,4.26
-1.38,1.87,6.47,5.43
-1.48,1.91,5.55,5.5
-1.39,2.07,3.02,3.75
-1.39,1.98,5.6,6.32
-1.28,1.81,6.48,5.53
-1.31,1.79,4.14,4
-1.35,1.97,5.76,7
-1.31,1.81,6.02,4.65
-1.26,1.85,2.97,5.11
-1.39,1.87,7.02,4.81
-1.41,1.9,5.83,6.97
-1.45,1.81,5.94,4.34
-1.33,1.85,2.35,3.7
-1.31,1.75,5.24,4.71
-1.42,1.87,6.44,3.39
-1.24,1.6,5.76,3.76
-1.26,1.84,5.07,4.23
-1.38,1.61,5.02,4.87
-1.29,1.81,4.14,5.32
-1.15,1.72,5.39,4.91
-1.39,1.75,5.42,5.33
-1.28,1.56,4.37,3.69
-1.39,1.65,4.84,4.47
-1.19,1.74,4.3,5.11
-1.24,1.4,4.33,5.46
-1.29,1.79,3.17,6.44
-1.27,1.8,3.85,5.63
-1.27,1.73,2.99,5.03
-1.21,1.63,5.95,5
-1.3,1.64,5.31,6.94
-1.35,1.5,4.13,4.92
-1.24,1.61,4.86,5.69
-1.1,1.51,5.96,6.65
-1.31,1.56,5.8,4.63
-1.17,1.3,6.07,5.22
-1.45,1.53,3.05,3.96
-1.29,1.6,3.96,4.89
-1.18,1.53,5.44,4.97
-1.19,1.59,5.8,4.41
-1.03,1.58,5.4,3.61
-1.25,1.36,6.05,4.76
-1.33,1.52,6.04,4.3
-1.21,1.51,4.39,5.56
-1.34,1.39,5.6,5.99
-1.24,1.51,6.13,4.42
-1.12,1.38,2.27,6.37
-1.31,1.33,4.89,3.58
-1.17,1.45,4.76,4.69
-1.39,1.19,5.57,4.49
-1.25,1.42,5.93,5.54
-1.22,1.3,3.32,4.14
-1.13,1.33,3.71,5.81
-1.27,1.18,3.44,5.95
-1.14,1.31,5.53,4.77
-1.22,1.33,5.76,5.39
-1.26,1.22,4.41,5.31
-1.16,1.16,5.16,2.85
-1.17,1.47,4.62,5.54
-1.11,1.06,2.9,4.06
-0.95,1.26,4.72,6.33
-1.02,1.34,4.33,5.35
-1.28,1.22,2.98,5.67
-1.14,1.26,5.17,3.74
-1.11,1.22,4.75,7.02
-1.12,1.27,3.91,4.27
-1.22,1.39,6.14,3.87
-1.1,1.14,6.21,5.39
-1.17,1.29,4.37,5.73
-1.28,1.05,4.2,5.43
-1.21,1.2,5.64,5.38
-1.1,1.33,5.14,4.76
-1.04,1.28,5.83,5.29
-1.1,1.23,3.62,4.21
-1.06,1.31,5.63,6.83
-1.14,1.22,4.27,5.48
-1.14,1.28,6.64,4.45
-1.22,1.15,2.1,4.68
-1.11,0.978,4.17,4.91
-1.06,1.23,5.81,5.36
-1.05,1.02,4.75,3.54
-1.04,0.938,5.13,4.5
-0.914,1.1,5.47,2.87
-0.852,0.985,7.31,3.53
-0.902,1.05,6,5.21
-1.07,1.15,6.06,5.99
-1.04,1.11,2.86,4.87
-1.1,1.04,5.17,4.22
-1.09,0.97,4.85,5.03
-1.03,0.907,4.87,4.26
-1.21,1.19,4.42,5.83
-0.943,1.17,5.14,5.41
-0.807,0.729,4.69,4.02
-1.14,1.11,5.25,4.37
-1.06,1.05,5.55,5.83
-0.907,0.989,4.1,5.08
-1,1.15,3.99,3.48
-0.967,0.923,4.66,5.32
-0.997,0.971,4,2.86
-1.06,1.18,5.73,3.89
-1.11,1.04,5,4.51
-0.924,0.926,5.97,5.22
-0.987,0.919,4.14,4.98
-0.889,0.877,3.88,5.99
-0.904,0.883,4.78,4.48
-1.1,1.05,5.3,5.3
-0.903,0.826,5.57,5.29
-1.15,0.96,4.53,6.2
-0.833,0.923,5.15,4.14
-1.01,0.77,3.68,4.34
-0.669,0.699,4.56,4.6
-0.994,1.03,4.96,4.99
-1.05,0.882,5.01,3.21
-0.973,0.762,4.94,5.77
-0.918,0.943,5.05,8.1
-0.852,0.967,5.3,4.67
-0.885,0.845,4.97,5.13
-0.998,1.01,5.7,5.88
-0.806,0.802,2.53,6.27
-0.791,0.922,3.71,7.22
-0.867,0.868,6.86,5.55
-0.801,0.666,3.38,3.09
-0.98,0.836,3.42,4.68
-0.957,0.953,4.97,6.01
-0.843,0.827,5.39,5.5
-0.717,0.856,5.35,4.22
-1.01,0.729,3.8,5.63
-0.761,0.895,6.54,3.83
-0.872,0.865,4.4,6.45
-0.782,0.754,4.55,5.79
-0.831,0.757,4.71,4.71
-0.83,0.665,5.3,5.22
-0.664,0.599,4.57,5.64
-0.85,0.789,6.17,4.57
-0.87,0.766,6.06,3.16
-0.705,0.723,4.64,3.96
-1.04,0.699,6.51,4.58
-0.934,0.733,4.57,4.75
-0.642,0.747,3.21,5.45
-0.799,0.705,5.63,5.53
-0.834,0.793,4.74,4.18
-0.829,0.662,5.57,5.09
-0.978,0.625,5.18,5.89
-0.722,0.495,3.95,4.41
-0.802,0.514,4.41,5.57
-0.914,0.46,3.4,4.16
-0.812,0.684,5.05,4.64
-0.712,0.741,5.32,4.6
-0.808,0.563,5.44,5.06
-0.796,0.453,6.55,5.99
-0.808,0.71,6.42,4.05
-0.727,0.511,6.57,5.84
-0.664,0.734,4.12,4.55
-0.699,0.739,4.6,4.06
-0.743,0.566,3.62,4.02
-0.831,0.603,3.94,8.27
-0.787,0.459,5.34,5.35
-0.681,0.591,3.64,4.57
-0.767,0.502,7.88,4.64
-0.628,0.473,3.63,3.96
-0.855,0.717,5.71,5.38
-0.806,0.511,6.71,6.05
-0.754,0.497,5.5,4.24
-0.594,0.71,4.29,4.59
-0.648,0.407,5.97,5.4
-0.865,0.476,3.22,5.48
-0.635,0.527,5.75,6.08
-0.723,0.717,5.6,4.1
-0.883,0.495,6.61,6.28
-0.641,0.512,5.13,3.64
-0.559,0.467,5.16,4.8
-0.631,0.56,7.5,5.58
-0.905,0.431,4.9,4.66
-0.616,0.571,4.95,5.38
-0.726,0.443,5.74,6
-0.523,0.431,4.98,6.15
-0.637,0.482,4.61,3.93
-0.599,0.446,4.99,6.65
-0.614,0.566,4.88,6.15
-0.664,0.352,3.99,6.41
-0.687,0.583,4.46,3.84
-0.624,0.458,3.77,4.59
-0.615,0.563,5.32,4.35
-0.807,0.504,5.68,4.72
-0.631,0.382,6.12,3.94
-0.796,0.431,3.37,5.29
-0.638,0.509,4.91,3.82
-0.673,0.466,3.12,4.38
-0.483,0.338,3.64,5.58
-0.634,0.441,4.46,4.81
-0.641,0.319,5.05,5.7
-0.685,0.328,3.17,5.88
-0.706,0.255,5.24,3.84
-0.62,0.36,6.49,5.55
-0.699,0.343,6.29,5.11
-0.572,0.397,6.1,5.47
-0.63,0.38,4.81,4.78
-0.748,0.351,4.91,5.87
-0.441,0.256,6.12,3.26
-0.776,0.34,5.82,5.18
-0.564,0.262,5.83,5.85
-0.64,0.241,5.14,3.28
-0.599,0.461,5.51,5.72
-0.38,0.454,5.3,4.02
-0.449,0.45,4.78,5.52
-0.793,0.266,5.54,5.64
-0.451,0.277,4.87,4.53
-0.541,0.465,4.52,3.9
-0.459,0.274,5.18,5.09
-0.38,0.201,4.77,4.06
-0.707,0.51,5.65,6.93
-0.55,0.312,5.65,5.41
-0.566,0.288,4.08,5.45
-0.742,0.136,4.12,3.97
-0.432,0.212,4.7,4.83
-0.626,0.209,4.99,3.61
-0.544,0.367,5.72,4.47
-0.532,0.212,5.74,4.93
-0.513,-0.0252,4.42,4.28
-0.554,0.416,4.32,5.97
-0.485,0.138,5,5.46
-0.623,0.279,4.9,6.07
-0.542,0.329,4.87,4.69
-0.424,0.195,6.68,5.28
-0.621,0.232,5.49,5.02
-0.416,0.0959,6.43,2.76
-0.536,0.255,3.63,2.78
-0.59,0.158,4.16,4.31
-0.437,0.152,6.09,5.21
-0.533,0.251,5.73,5.35
-0.44,0.197,6,4.09
-0.551,0.303,5.61,5.51
-0.312,0.253,6.15,5.54
-0.444,0.111,6.42,4.84
-0.328,0.112,3.51,5.31
-0.335,0.178,6.58,5.59
-0.398,0.163,5.36,6.52
-0.319,0.0899,5.77,5.86
-0.522,0.33,4.67,5.49
-0.561,0.254,5.67,5.28
-0.468,0.133,5.28,5.26
-0.329,0.21,5.46,5.2
-0.435,-0.00555,5.81,5.99
-0.411,0.172,6.57,4.47
-0.181,0.173,4.97,3.98
-0.372,0.165,7.13,3.12
-0.384,0.0116,4.2,3.88
-0.267,0.221,5.51,4.74
-0.397,0.123,6.32,4.59
-0.364,0.152,3.62,5.58
-0.495,0.198,5.29,5.08
-0.482,0.129,5.84,4.79
-0.363,0.0765,5.83,5.67
-0.269,0.308,5.53,5.51
-0.369,0.248,6.12,5.22
-0.346,0.133,3.98,6.64
-0.243,0.0879,5.17,5.08
-0.364,0.147,6.16,5.84
-0.379,0.0343,6.34,5.98
-0.56,-0.0146,5.28,5.79
-0.4,0.184,5.05,6.58
-0.411,0.191,5.45,6.88
-0.246,0.203,5.63,5.53
-0.454,0.0102,5.33,4.34
-0.237,0.0645,6.51,6.77
-0.286,0.0221,6.36,5.37
-0.107,0.204,4.42,5.25
-0.299,0.13,3.37,4.97
-0.265,0.181,5.01,4.6
-0.359,-0.0634,5.5,5.7
-0.498,-0.0604,6.6,3.32
-0.289,0.0736,6.01,6.14
-0.303,-0.0599,6.46,3.68
-0.306,0.0571,5.83,5.26
-0.425,-0.0416,5.84,6.44
-0.46,0.105,2.88,6.02
-0.257,-0.036,7.39,5.41
-0.199,0.0418,7.5,4.98
-0.259,-0.127,3.66,4.56
-0.347,0.0336,5.52,4.57
-0.125,-0.00948,4.9,3.65
-0.273,-0.126,6.24,5.8
-0.235,0.151,4,6.77
-0.326,-0.0407,5.69,5.22
-0.168,0.0217,5.39,4.29
-0.221,0.0526,5.02,6.37
-0.298,0.0905,5.25,6.23
-0.202,-0.129,4.83,6.62
-0.289,0.0967,4.43,4.54
-0.145,0.138,5.78,5.05
-0.226,0.0995,3.07,3.47
-0.104,-0.0544,4.86,5.25
-0.0893,0.0713,5.56,5.96
-0.185,-0.0521,5.05,4.22
-0.0941,-0.113,5.86,5.69
-0.114,0.171,4.77,5.09
-0.2,0.0384,5.4,5.13
-0.446,-0.0593,5.21,6.19
-0.0692,-0.0866,3.17,5.37
-0.411,-0.0165,4.91,4.67
-0.187,0.046,6.29,4.16
-0.223,-0.0276,6.81,5.41
-0.356,0.111,5.19,5.25
-0.145,0.133,4.51,4.73
-0.128,-0.187,4.65,3.46
-0.22,-0.00836,5.28,5.65
-0.0528,-0.0051,6.32,1.48
-0.0707,0.0871,4.55,6.71
-0.0928,-0.0707,5.68,8.11
-0.124,0.156,5.54,5.57
-0.106,-0.0059,4.68,4.95
-0.3,-0.0308,3.69,3.31
-0.255,0.0239,6.69,5.92
-0.225,-0.0912,3.02,4.24
-0.237,0.162,6.26,5.73
-0.07,-0.0269,5.3,5.42
-0.184,0.263,4.96,5.28
-0.0743,-0.106,4.33,5.18
0.0165,0.167,5.27,2.8
-0.0217,-0.0438,4.71,5.81
0.0756,0.0627,5.3,4.15
-0.0196,0.051,5.32,5.12
-0.255,-0.192,4.76,4.91
-0.248,0.147,4.09,5.5
-0.18,-0.076,4.36,6.28
-0.239,-0.0158,5.07,5.47
0.0909,0.0935,4.03,3.18
-0.0797,-0.137,4.05,5.5
-0.15,-0.0901,5.43,6.37
-0.207,0.0219,6.15,3.65
-0.121,0.108,4.93,5.74
0.045,0.0892,3.61,3.02
-0.3,0.103,3.43,4.28
-0.287,0.0597,5.46,3.87
-0.13,0.102,5.65,5.53
-0.0217,-0.113,5.15,3.12
-0.108,0.0258,5.68,5.1
-0.212,-0.0797,4.91,6.11
0.0357,0.0795,4.3,5.04
-0.0357,0.0226,6.28,5.95
-0.0324,-0.0646,4.78,6.79
-0.045,-0.00781,5.08,3.79
-0.0396,-0.12,5.58,4.22
-0.00308,0.0188,7.38,4.04
-0.107,0.00786,3.45,5.15
0.112,0.038,4.31,3.74
0.0676,-0.0122,3.12,5.5
0.0214,0.131,7.71,4.31
-0.259,-0.152,3.58,5.54
0.113,0.195,4.91,5.62
0.203,-0.193,2.62,5.16
-0.0975,-0.0244,4.84,5.4
0.0868,0.0204,4.85,3.99
0.0352,-0.159,4.58,4.59
0.0689,-0.0554,5.09,4.95
0.115,0.00788,5.41,4.36
0.129,-0.13,6.24,6.36
0.102,-0.0671,4.68,5
0.122,0.104,3.53,5.33
0.101,-0.0744,5.46,4.55
0.14,-0.104,4.4,2.95
-0.111,0.0922,5.33,5.38
0.00957,-0.00701,3.58,5.6
-0.0809,-0.0122,4.31,6.03
-0.0662,0.0129,3.29,6.71
0.0478,0.0452,4.08,5.56
-0.201,0.0542,5.58,5.86
0.0839,-0.0705,4.49,4.57
-0.12,0.243,5.99,4.23
-0.00633,0.0536,5.18,4.91
0.0925,0.0312,4.98,6.77
0.0818,0.137,4.9,4.31
0.212,-0.118,7.25,5.44
0.103,0.171,5.55,5.6
0.284,0.06,3.62,5.95
-0.0407,-0.0592,5.94,4.88
0.188,-0.156,5.75,4.8
0.0837,-0.0673,4.94,5.77
0.32,-0.00697,5.8,3.79
0.127,-0.0485,5.58,4.71
0.172,-0.00426,4.99,6.38
0.227,0.203,3.3,3.59
0.148,-0.0203,4.8,4.51
0.104,-0.0649,3.83,5.39
0.0881,0.0667,4.73,4.44
0.23,0.167,5.89,3.47
0.154,-0.00789,7.43,5.32
-0.0276,0.0523,5.31,4.74
0.263,0.0886,4.24,4.3
0.257,0.0509,6.01,4.93
0.231,0.0452,2.93,7.23
0.141,0.112,5.95,5.22
0.288,0.0922,5.88,5.38
0.253,-0.0051,5.08,5.45
0.132,-0.0105,3.97,4.48
0.104,0.0899,5.48,5.64
0.0768,0.00695,5.86,4.86
0.322,0.164,5.36,4.55
0.298,0.0847,4.19,6.85
0.201,-0.0559,5.73,5.27
0.284,0.027,5.37,6.06
0.139,0.0253,5.25,5.49
0.262,0.133,3.85,6.27
-0.00892,-0.0428,4.29,5.78
0.14,-0.0158,6.25,6.02
0.277,-0.0243,3.07,3.92
0.258,0.0938,5.64,5.27
0.387,0.124,5.72,5.04
0.363,0.101,4.14,3.8
0.258,0.24,2.97,6.47
0.292,0.117,4.82,4.43
0.198,0.0958,5.68,3.9
0.246,0.0715,5.63,4.65
0.383,0.217,5.85,4.01
0.289,0.142,4.76,3.51
0.194,0.0509,4.61,2.21
0.204,-0.00436,4.92,3.81
0.346,0.142,5.02,3.16
0.23,0.0318,3.47,4.03
0.306,0.0347,6.06,5.84
0.472,0.0645,5.76,5.46
0.35,0.00771,5.05,3.75
0.273,0.0744,4.73,3.72
0.308,0.15,3.11,5.84
0.285,-0.0664,5.84,7.76
0.0152,0.0485,5.14,3.6
0.363,0.138,3.62,5.78
0.319,0.000519,4,5.96
0.279,0.152,6.82,4.76
0.385,0.257,5.5,7.14
0.252,-0.0668,5.35,5.11
0.413,0.266,4.48,4.64
0.23,0.275,3.32,5.3
0.434,0.0585,3.18,5.31
0.697,0.247,6.23,5.02
0.359,0.265,5.67,4.15
0.367,0.114,7.44,5.8
0.48,0.363,7.93,6.33
0.474,0.168,4.83,5.75
0.363,0.273,6.02,3.1
0.387,0.329,5.18,5.3
0.431,0.148,5.25,5.03
0.305,0.0567,4.02,6.46
0.249,0.457,4.73,4.9
0.46,0.0531,4.73,5.27
0.434,0.442,5.44,5.7
0.391,0.366,6.11,5.8
0.456,0.0601,4.43,3.9
0.363,0.142,6.04,4.66
0.593,0.119,4.11,4.3
0.395,0.138,6.62,5.58
0.243,0.17,5.03,6.04
0.552,0.202,4.96,4.89
0.42,0.303,5.39,6.61
0.363,0.0621,6.7,4.5
0.457,0.0136,5.29,5.43
0.455,0.232,5.61,5.74
0.411,0.257,5.11,4.68
0.484,0.206,3.56,5.64
0.428,0.123,6.64,4.92
0.472,0.336,3.68,4.56
0.424,0.149,4.81,5.17
0.463,0.157,5.66,4.7
0.512,0.39,4.77,5.37
0.511,0.315,5.7,3.55
0.714,0.135,5,4.33
0.513,0.163,3.84,5.03
0.575,0.0954,4.7,4.12
0.478,0.222,5.56,4.79
0.48,0.178,5.79,4.75
0.29,0.235,5.54,5.74
0.672,0.187,5.06,5.57
0.343,0.417,3.51,4.58
0.57,0.212,4.53,5.11
0.399,0.303,6.98,3.45
0.537,0.218,5.43,5.9
0.606,0.499,4,5.18
0.488,0.326,5.14,5.26
0.367,0.195,4,4.92
0.394,0.0903,5.48,4.94
0.586,0.416,6.36,4.97
0.51,0.364,5.77,5.42
0.536,0.307,3.13,3.04
0.628,0.386,4.42,3.26
0.507,0.236,4.52,5.5
0.467,0.131,4.29,5.67
0.64,0.448,4.05,4.3
0.656,0.391,5.33,6
0.568,0.391,4.6,5.02
0.702,0.442,4.32,3.91
0.673,0.723,4.15,3.79
0.565,0.391,4.79,4.15
0.641,0.361,4.55,5.38
0.61,0.432,6.64,4.23
0.529,0.447,5.25,5.82
0.648,0.296,5.59,5.29
0.562,0.462,5.63,5.27
0.723,0.366,3.9,3.29
0.59,0.288,4.53,6.07
0.581,0.132,4.65,6.69
0.629,0.304,4.6,4.39
0.666,0.363,5.21,4.37
0.788,0.434,6.27,4.41
0.786,0.352,4.74,6.93
0.54,0.634,4.77,7.95
0.594,0.38,5.76,6.11
0.63,0.319,5.22,5.68
0.561,0.408,5.13,3.75
0.656,0.326,6.03,5.12
0.707,0.371,3.77,4.24
0.621,0.405,4.98,6.07
0.791,0.392,5.05,5.28
0.691,0.487,4.24,5.49
0.523,0.472,4.98,5.94
0.644,0.44,5.89,4.59
0.728,0.517,4.32,6.25
0.705,0.644,6.26,4.58
0.742,0.445,4.82,6.11
0.754,0.331,5.83,5.53
0.728,0.523,5.74,6.13
0.839,0.276,4.75,6.05
0.782,0.582,7.31,6.42
0.674,0.643,4.97,4.04
0.764,0.491,4.34,5.07
0.605,0.324,5.73,2.34
0.679,0.501,5.68,5.78
0.813,0.459,5.15,4.42
0.735,0.638,3.7,1.5
0.771,0.58,5.87,4.82
0.713,0.521,4.92,6.07
0.801,0.597,5.97,3.49
0.816,0.568,3.76,3.68
0.647,0.476,4.56,5.35
0.755,0.582,4.5,7.37
0.722,0.584,5.25,6.61
0.837,0.535,4.59,3.69
0.761,0.639,7.19,5.83
0.735,0.714,3.31,4.49
0.743,0.624,4.23,5
0.674,0.68,3.67,4.55
0.679,0.575,4.7,4.63
0.787,0.721,5.19,4.05
0.769,0.549,5.47,5.63
0.623,0.531,4.73,5.18
0.878,0.611,3.27,5.4
0.744,0.508,3.88,4.14
0.873,0.635,5.95,5.13
0.656,0.591,6.1,4.91
0.781,0.81,5.81,6.19
0.837,0.664,2.68,2.49
0.625,0.689,4.75,6.11
0.853,0.602,7.05,4.94
0.939,0.493,4.33,5.6
0.659,0.776,4.07,4.91
0.775,0.584,3.66,3.72
0.862,0.517,6.08,7.76
0.809,0.63,5.39,3.74
0.676,0.554,4.49,4.81
0.646,0.746,6.65,4.92
0.855,0.581,4.46,5.65
0.829,0.772,5.12,3.87
0.914,0.691,4.84,4.85
0.786,0.596,3.39,3.85
0.942,0.812,3.82,4.01
0.88,0.805,5.78,3.14
0.846,0.823,5.51,5.09
0.746,0.757,4.96,5.35
0.971,0.778,4.96,5.11
0.855,0.907,4.64,5
0.821,0.893,5.02,4.04
1.19,0.802,5.44,4.56
1.01,0.807,5.75,4.14
0.953,0.721,3.41,5.1
0.839,0.821,4.42,6.1
0.937,0.83,4.23,6.77
1,0.921,6.25,5.26
0.966,0.963,4.11,6.66
1.09,0.798,4.3,5.33
0.927,0.779,3.93,7
0.913,1.04,3.9,5.1
0.794,0.964,5.61,5.6
1.03,0.847,3.64,4.46
0.902,0.76,5.16,5.17
1.03,0.973,5.11,4.75
1.06,1.05,3.26,5.55
0.949,1.03,5.43,3.74
1.07,0.732,3.93,3.27
0.807,0.972,3.6,3.29
0.865,0.903,2.82,5.69
0.98,0.976,5.68,6.52
0.999,1.06,5.9,4.55
1.07,1.02,5.91,5.81
0.918,1.11,4.82,7.06
0.929,1.07,5.86,2.97
0.995,1.01,5.55,5.79
0.998,1.08,4.71,3.18
0.94,1.07,6.17,2.71
1.07,1.02,5.05,4.11
1.03,1.05,6.33,6.12
1.1,1.03,4.55,4.78
1.03,0.908,3.91,4.32
0.984,0.883,4.67,4.58
1.1,1.22,4.57,5.28
1.16,1.11,4.59,3.57
1.02,1.19,4.62,5.8
1.1,0.93,6.25,4.23
1.09,1.25,5.96,3.3
0.899,1.04,5.05,6.19
1.09,1.07,7.54,5.54
0.927,1.1,4.15,5.14
1.09,1.16,4.61,4.26
0.942,1.07,5.48,4.16
1.06,1.03,4.84,4.67
0.998,1.19,5.34,6.4
1.03,1.09,5.11,5.31
0.89,1.11,2.3,5.62
1.08,1.2,4.52,3.42
0.971,1.28,3.85,5.28
1.05,1.25,3.75,4.8
1.23,0.993,5.97,4.58
1.14,1.4,5.19,5.21
1.08,1.2,5.07,5.29
1.23,1.17,5.12,4.77
1.1,1.11,8.11,3.49
1.14,1.14,4.75,5.62
1.04,1.2,5.29,3.03
1.04,1.31,6.8,4.15
1.15,1.22,3.22,4.79
1.07,1.19,3.92,3.84
1.27,1.27,5.03,4.61
1.06,1.36,5.59,6.03
1.16,1.33,4.72,6.94
1.03,1.16,4.57,4.1
1.05,1.19,3.6,5.18
1.05,1.3,5.76,4.28
1.3,1.19,5.41,5.5
1.02,1.4,7.19,2.69
1.08,1.61,5.61,5.41
1.09,1.38,5.36,6.9
1.14,1.36,6.23,5.99
1.02,1.47,6.05,4.23
1.29,1.31,3.31,5.89
1.19,1.41,6.96,5.38
1.31,1.54,5.46,4.64
1.18,1.44,4.6,4.34
1.28,1.61,5.92,4.41
1.03,1.49,5.38,5.05
1.09,1.36,3.81,5.78
1.23,1.51,5.58,4.76
1.15,1.59,6.17,5.26
1.19,1.56,5.38,4.27
1.29,1.43,5.6,5.58
1.13,1.52,6.73,5.81
1.16,1.54,6.47,4.82
1.04,1.37,5,5.19
1.18,1.49,5.32,6.12
1.35,1.57,4.47,3.74
1.18,1.65,4.8,6.34
1.12,1.74,4.58,6.78
1.35,1.6,3.87,4.14
1.22,1.58,3.82,4.25
0.941,1.57,5.04,5.75
1.28,1.64,4.4,4.03
1.18,1.59,5.42,7.85
1.25,1.66,6.11,4.55
1.44,1.63,5.69,6.79
1.33,1.66,4.54,4.92
1.36,1.7,5.87,3.78
1.21,1.72,4.03,5.22
1.23,1.65,5.59,5.33
1.26,1.71,5.17,5.56
1.26,1.68,3.77,4.53
1.53,1.6,3.73,5.3
1.28,1.43,4.14,6.06
1.15,1.77,5.01,5.33
1.32,1.65,6.57,5.36
1.1,1.71,5.19,5.98
1.15,1.78,5.96,6.77
1.42,1.76,4.55,5.94
1.49,1.92,4.62,3.96
1.1,1.92,2.93,5.65
1.34,1.83,4.57,5.61
1.31,1.7,4.37,3.61
1.36,1.98,3.51,6.25
1.28,1.72,4.77,4.77
1.23,1.89,3,4.91
1.34,1.95,4.14,5.98
1.26,1.81,5.42,5.62
1.27,1.96,6.11,6.07
1.37,1.81,4.37,3.49
1.42,1.77,6.14,5.28
1.35,1.92,4.57,2.5
1.2,1.85,6.5,6.11
1.45,1.95,4.51,6.15
1.47,1.88,4.59,4.86
1.49,2.11,6.58,4.69
1.51,2.01,4.68,6.73
1.45,2.03,5.2,4.38
1.36,2.07,4.94,4.36
1.39,2.04,5.85,3.41
1.45,1.95,5.59,6.24
1.34,2.03,6.72,4.61
1.31,1.93,3.82,6.25
1.42,2.16,4.56,5.34
1.46,2.03,3.81,5.26
1.37,2.19,4.36,5.8
1.54,2.01,5.28,5.6
1.52,2.09,5.84,5.43
1.3,2.23,4.52,3.74
1.32,2.21,5.11,6.22
1.52,2.12,5.12,3.73
1.4,2.09,5.98,4.88
1.4,2.21,3.3,4.74
1.34,1.93,4.02,4.22
1.45,2.14,3.02,5.72
1.46,2.16,4.91,4.42
1.57,2.23,4.72,4.62
1.51,2.19,4.69,2.92
1.51,2.06,6.07,4.52
1.55,2.32,4.5,5.62
1.58,2.32,5.32,5.96
1.67,2.28,6.16,5.94
1.61,2.13,4.47,4.87
1.49,2.35,4.06,3.3
1.31,2.24,6.77,5.32
1.48,2.19,4.84,4.83
1.48,2.46,3.8,5.67
1.61,2.32,4.65,5.29
1.44,2.43,3.96,6.4
1.33,2.43,5.87,4.86
1.33,2.38,4.57,5.04
1.51,2.35,4.08,6
1.64,2.38,3.76,4.56
1.55,2.56,4.9,6.42
1.66,2.47,4.98,4.43
1.69,2.45,6,3.91
1.45,2.26,8.02,5.83
1.78,2.35,5.48,5.63
1.6,2.55,3.98,5.15
1.59,2.43,5.7,5.69
1.58,2.66,5.03,5.47
1.56,2.63,4.87,4.68
1.56,2.55,4.7,6.24
1.64,2.63,6.69,4.54
1.44,2.53,4.39,6.12
1.53,2.62,4.3,4.56
1.6,2.63,5.52,6.36
1.48,2.41,5.82,5.52
1.71,2.78,4.71,6.61
1.6,2.64,2.97,3.25
1.69,2.67,5.56,4.74
1.47,2.72,5.16,5.55
1.65,2.78,5.03,4.23
1.61,2.59,4.95,6.45
1.46,2.75,4.16,4.55
1.52,2.63,4.95,4.57
1.61,2.64,3.58,3.9
1.77,2.77,6.16,4.82
1.63,2.86,5.34,4.91
1.61,2.79,3.65,4.66
1.63,2.61,6.77,5.43
1.77,2.81,6.38,5.2
1.7,2.76,3.96,4.28
1.68,2.84,5.17,4.2
1.77,2.9,4.65,5.63
1.59,2.75,6.39,4.37
1.6,2.9,6.99,4.31
1.73,2.91,5.41,5.09
1.81,2.66,6.88,6.21
1.6,2.96,4.9,4.68
1.91,2.85,5.3,5.02
1.72,3.13,5.03,3.73
1.9,3.06,4.56,5.49
1.56,2.87,4.55,4.3
1.72,2.97,3.61,3.73
1.71,3.08,4.57,6
1.71,3.06,5.74,4.57
1.69,2.86,4.67,4.59
1.55,2.97,5.11,5.64
1.93,3.04,4.97,6.34
1.74,3.11,4.95,5.15
1.69,2.94,6.98,5.11
1.74,3.18,5.27,3.35
1.67,3.13,6.41,5.78
1.7,3.16,5.47,5.6
1.75,3.29,5.27,4.86
1.83,3.25,4.85,4.41
1.73,3.05,4.04,3.83
1.73,3.14,4.86,6.07
1.84,3.05,4.96,5.02
1.79,3.1,4.75,5.46
1.74,3.01,3.68,4.03
1.73,3.21,5.36,7.52
1.88,3.27,5.28,3.61
1.87,3.27,4.3,4.46
1.76,3.27,5.57,4.87
1.83,3.27,5.78,3.6
1.97,3.28,4.35,5.7
1.87,3.45,8.47,3.94
1.77,3.31,3.49,4.29
1.7,3.38,3.88,4.98
1.73,3.17,5.58,5.75
1.99,3.17,4.31,6.77
1.9,3.49,5.2,6.22
1.99,3.59,5.88,5.14
1.91,3.54,5.1,4.05
1.91,3.48,4.54,4.48
1.83,3.44,4.34,5.22
1.9,3.38,4.77,5.13
1.82,3.28,5.9,5.64
1.88,3.51,4.59,5.69
1.8,3.43,6.26,5.55
1.91,3.52,4.5,4.24
1.99,3.49,5.41,4.91
1.85,3.54,5.62,4.1
1.94,3.67,6.32,4.34
1.71,3.65,4.07,4.81
1.71,3.56,5.37,5.95
1.97,3.55,4.22,5.19
1.91,3.63,5.09,4.91
1.94,3.75,4.23,6.06
1.83,3.66,5.18,5.5
2.03,3.65,4.28,3.98
1.91,3.72,4.6,5.84
1.83,3.74,5.02,5.04
1.94,3.82,5.79,6.5
1.99,3.73,4.35,5.11
1.98,3.62,2.23,2.88
1.95,3.72,6.12,5.68
1.98,3.73,5.57,6.13
1.82,3.84,5.5,4.66
2.11,3.73,5.25,4.74
1.89,3.77,4.76,4.92
2.05,3.8,7.07,6.14
1.97,3.75,5.26,5.91
2.05,3.59,4.2,5.72
2.02,3.93,2.98,4.66
1.93,3.85,6.24,6.28
1.99,3.95,3.38,6.51
1.89,3.99,5.46,4.31
2.06,4.01,4.51,5.57
2.24,4.05,4.02,4.24
2.01,4,3.49,4.51
1.9,3.95,5.92,5.03
2.02,4.09,6.72,3.16
2.21,3.88,4.38,7.88
0.145,2.53,2.93,5.86
-0.0823,2.42,4.97,5.05
0.0296,2.39,3.6,4.81
-0.0239,2.52,5.2,4.36
-0.126,2.34,5,5.08
0.0595,2.7,4.54,5.77
-0.183,2.58,4.85,4.38
-0.09,2.56,3.94,5.02
0.159,2.59,4.43,2.88
-0.211,2.39,3.06,5.49
-0.0528,2.71,4.82,4.66
-0.0625,2.59,5.23,6.45
0.077,2.66,5.39,4.46
0.259,2.71,6.27,3.03
0.0317,2.52,6.19,2.49
0.0091,2.79,3.68,4.16
0.193,2.72,4.85,5.03
0.0243,2.71,5.25,3.98
0.144,2.7,4.72,4.66
0.0325,2.83,5.77,5.05
0.109,2.76,5.85,6.97
0.0578,2.82,6.33,4.69
0.223,2.89,5.75,4.9
0.0235,2.82,3.55,6.41
0.0906,2.96,5.57,4.85
0.0977,2.92,6.7,3.31
0.17,2.83,4.17,6.65
0.224,3.07,4.79,4.15
0.0358,3,5.1,4.93
0.258,3.02,5.09,6.67
0.148,3.12,4.67,5.2
0.0286,3.15,4.64,3.36
-0.05,2.88,4.08,3.98
0.292,3.11,4.37,5
0.18,3.11,4.65,6.98
0.117,3.09,6.45,5.72
0.251,3.07,5.3,6.54
0.179,3.24,6.29,3.83
0.183,3.29,4.5,5.47
0.167,3.18,4.22,5.73
0.134,3.31,6.06,5.45
0.141,3.18,4.22,5.15
0.273,3.23,6.95,7.06
0.275,3.3,4.71,5.8
0.136,3.23,4.33,5.39
0.231,3.46,3.7,6.08
0.131,3.54,7.27,4.68
0.175,3.43,4.61,5.84
0.155,3.43,6.43,5.14
0.203,3.5,3.01,5.58
0.261,3.56,6.36,7
-0.0318,3.39,5.63,3.76
0.221,3.46,4.98,3.8
0.197,3.41,4.95,3.53
0.272,3.59,4.58,3.52
0.252,3.59,5.59,6.02
0.37,3.6,4.21,5.23
0.226,3.64,6.11,4.46
0.314,3.55,7.31,5.91
0.317,3.77,5.41,6.65
0.278,3.66,5.35,5.73
0.178,3.62,5.49,5.26
0.114,3.68,4.22,5.8
0.0327,3.96,5.7,3.8
0.322,3.76,4.36,4.01
0.401,3.81,5.55,5.06
0.213,3.95,5.41,5.84
0.386,3.82,4.93,5
0.197,3.79,5.59,6.16
0.322,3.88,4.33,4.52
0.364,3.7,7.03,6.27
0.199,3.73,5.45,5.82
0.325,3.88,6.69,4.22
0.324,3.99,4.28,4.34
0.269,4.06,4.37,3.4
0.239,4.11,6.48,5.35
0.333,3.99,4.15,5.21
0.43,3.97,6.23,6.33
0.348,4,5.64,4.65
0.335,4.18,5.4,4.58
0.396,4.12,4.54,5.52
0.507,4.22,6,3.41
0.262,4.1,5.72,5.22
0.228,4.18,4.79,4.84
0.404,4.13,3.62,3.63
0.258,4.2,5.97,3.12
0.213,4.11,3.65,4.11
0.461,4.25,3.84,5.96
0.217,4.03,7.24,3.28
0.391,4.25,5.3,4.69
0.345,4.02,6.98,6.14
0.406,4.22,5.75,4.32
0.312,4.39,4.69,5.83
0.378,4.33,4.48,7.31
0.458,4.32,3.52,3.74
0.521,4.53,5.96,7.35
0.32,4.32,4.32,5.28
0.291,4.22,4.86,5.31
0.474,4.43,3.04,5.38
0.174,4.39,6.18,5.44
0.539,4.54,7.11,3.64
0.414,4.5,3.46,3.23
0.516,4.4,5,3.73
0.463,4.71,5.77,5.19
0.392,4.55,3.2,4.06
0.436,4.54,5.22,4
0.486,4.56,3.08,5.82
0.293,4.66,6.13,5.13
0.288,4.59,5.28,6.11
0.437,4.55,4.36,4.78
0.398,4.6,5.14,2.43
0.56,4.63,6.63,4.79
0.499,4.54,3.79,4.4
0.19,4.73,4.27,6.1
0.548,4.75,3.7,3.53
0.37,4.71,5.43,4.24
0.441,4.66,4.49,6.23
0.578,4.5,5.66,3.32
0.488,4.6,5.86,2.95
0.416,4.85,5.52,4.6
0.437,4.59,5.74,5.08
0.5,4.71,4.3,4.38
0.537,5.04,5.81,4.56
0.304,4.92,7.38,5.52
0.493,4.94,5.38,6.51
0.581,4.77,4.05,3.17
0.46,4.75,5.15,5.97
0.559,4.71,6.32,5.2
0.417,4.99,6.11,4.94
0.605,4.95,6.88,5.56
0.376,5.14,5.19,4.41
0.444,4.96,4.97,5.73
0.524,4.85,6.69,4.57
0.465,4.93,6.36,4.25
0.529,4.89,4.53,6.21
0.415,5.12,5.43,5.93
0.398,5.01,4.7,5.01
0.469,4.95,5.36,5.81
0.531,4.93,4.11,5.56
0.687,5.06,4.66,4.93
0.664,5.25,5.35,6.65
0.612,5.11,5.9,4.17
0.528,4.99,5,4.77
0.64,5.22,5.79,5.98
0.709,5.24,3.89,4.79
0.565,5.07,5.5,6.41
0.632,5.2,5.87,6.02
0.634,5.23,4.09,6.52
0.566,5.25,3.71,4.47
0.612,5.24,3.77,4.11
0.437,5.25,4.66,5.69
0.528,5.4,3.62,7.34
0.621,5.09,4.09,6.15
0.534,5.28,3.95,5.22
0.628,5.41,3.31,3.92
0.552,5.34,5.99,4
0.646,5.39,4.88,5.17
0.655,5.48,4.16,5.11
0.771,5.35,5.67,5.04
0.711,5.34,6.2,5.74
0.73,5.45,6.35,4.47
0.62,5.54,5.62,5.28
0.596,5.41,3.28,4.73
0.816,5.42,3.87,3.45
0.603,5.53,5.07,5.35
0.736,5.35,4.71,5.4
0.686,5.54,5.73,6.32
0.593,5.5,6.25,6.82
0.706,5.39,4.75,6.38
0.682,5.52,4.63,5.13
0.595,5.37,5.29,5.51
0.825,5.45,6.66,4.31
0.564,5.6,3.29,5.17
0.749,5.56,5.86,5.48
0.746,5.66,5,3.16
0.75,5.58,5.22,4.15
0.65,5.66,4.84,4.52
0.753,5.85,5.42,5.33
0.713,5.61,4.91,3.9
0.899,5.65,3.59,5.31
0.779,5.65,6.45,4.66
0.831,5.62,6.67,3.87
0.594,5.63,6.06,6.08
0.783,5.62,4.82,2.72
0.684,5.65,5.15,5.28
0.695,5.83,4.65,3.89
0.744,6.02,5.39,2.92
0.788,5.71,5,7.18
0.82,5.67,5.55,6.82
0.674,5.97,3.22,5.49
0.656,5.79,3.99,6.09
0.723,5.94,5.03,5.58
0.747,5.84,4.92,5.4
0.83,5.81,6.17,5.34
0.865,5.85,5.61,5.14
0.749,6.13,4.59,4.5
0.86,5.85,4.93,6.04
0.836,5.82,5.34,4.9
0.616,6.04,4.17,3.61
0.804,5.8,6.22,5.17
0.905,5.91,4.09,5.07
0.855,5.93,6.37,5.46
0.642,6.14,4.31,6.39
0.774,6.2,5.5,4.88
0.89,6.14,4.7,5.67
0.911,5.99,4.22,4.59
0.697,6,4.03,5.47
0.788,6.11,4.64,4.27
0.792,6.04,3.89,6.59
0.804,6.18,6.19,5.39
0.883,6.13,3.56,3.72
0.919,6.13,4.39,2.83
0.853,6.12,4.35,5.88
0.957,6.22,4.28,6.79
0.897,6.19,4.65,5.01
0.802,6.17,3.3,5.83
0.825,6.14,5.96,5.83
0.802,6.29,4.63,4.49
0.863,6.14,5.46,4.69
0.802,6.23,5.97,4.92
0.937,6.31,3.24,6.29
0.915,6.12,4.02,4.13
0.694,6.39,4.68,6.27
1.07,6.38,5.34,3.74
0.791,6.31,6.05,4.05
0.879,6.27,5.62,4.65
0.85,6.3,5.32,6.63
0.846,6.36,5.97,4.67
0.935,6.31,4.96,3.82
0.694,6.26,4.8,3.73
0.837,6.39,4.79,4.8
0.953,6.51,4.4,4.64
1.1,6.42,5.43,4.1
0.957,6.29,5.75,5.61
0.957,6.5,4.9,6.87
1.02,6.47,5.94,5.79
0.875,6.32,5.59,4.75
0.903,6.46,3.64,4.51
0.873,6.61,6.19,6.26
0.968,6.5,5.7,4.19
0.831,6.44,3.34,5.15
1.01,6.27,5.26,5.73
0.805,6.42,4.88,4.16
0.937,6.55,4.85,6.46
0.968,6.51,6.09,3.55
1,6.62,5.58,5.07
1.09,6.68,4.6,7.18
1.02,6.6,6.31,4.93
1.02,6.54,3.75,4.05
1.02,6.67,4.67,3.74
1.01,6.68,6.6,4.93
1.26,6.66,5.63,3.04
1.15,6.67,7.39,4.26
1.06,6.57,4.16,4.78
1.15,6.83,6.24,5.17
1.02,6.75,4.94,4.21
0.99,6.73,5.8,4.32
0.999,6.65,5.12,4.32
1,6.76,5.55,5.77
1.27,6.75,2.57,6.11
1,6.68,5.05,5.54
0.993,6.84,6.61,3.64
1.11,6.7,3.77,6.13
0.889,6.71,5.97,5.84
1.09,6.98,5.82,5.23
1.08,6.89,4.91,5.37
1.19,6.75,6.31,5.43
1.03,6.85,4.35,3.06
1.28,6.71,5.55,5.62
1.08,6.72,3.51,5.8
1.16,6.83,3.97,5.22
0.989,6.73,4.23,5.18
0.992,6.95,5.07,3.61
1.17,6.89,5.58,6.67
1.14,7.02,5.89,5.19
1.18,6.75,4.85,4.65
1.15,6.88,4.12,5.57
1.01,7.02,5.77,4.65
1.03,6.96,6.25,4.71
1.17,6.8,4.76,5.51
1.18,6.95,3.78,5.84
1.12,6.88,5.24,5.52
1.17,6.81,5.17,5.5
1.08,6.97,4.89,4.79
1.16,7.03,4.63,5.45
1.2,7.03,5.58,5.69
1.12,6.87,4.68,4.28
1.34,6.91,3.68,4.47
1.17,7.28,5.22,3.66
1.12,7.05,5.52,4.93
1.05,7.14,5.22,4.67
1.19,7.13,5.86,5.83
1.08,7.14,4.03,5.27
1.24,7.07,4.99,4.79
1.02,7.11,3.97,5.45
1.01,7.25,4.53,5.89
1.09,7.15,7.02,5.35
1.21,6.98,5.89,4.08
1.03,7.11,4.83,6.34
1.08,7.08,3.84,4.88
1.31,7.08,7.19,3.12
1.33,7.02,4.18,3.62
1.26,6.95,4.42,6.72
1.08,7.19,5.69,6.07
1.18,7.17,5.14,4.58
1.28,7.14,4.88,5.53
1.2,7.12,3.94,5.97
1.08,7.08,4.39,5.31
1.13,7.18,3.79,5.6
1.4,7.18,6.33,4.83
1.16,7.28,4.64,3.11
1.27,7.28,5.89,4.39
1.21,7.19,5.32,4.83
1.31,7.2,5.29,3.62
1.26,7.22,5.61,5.59
1.28,7.02,4.32,4.9
1.35,7.37,5.38,3.82
1.17,7.29,5.58,3.43
1.21,7.14,4.57,6.03
1.21,7.35,5.74,3.93
1.07,7.27,5.51,5.7
1.22,7.2,5.8,5.6
1.35,7.27,5.62,6.3
1.34,7.34,6.04,5.42
1.35,7.3,4.14,2.7
1.26,7.33,5.78,5.2
1.32,7.43,4.97,2.92
1.26,7.37,5.36,4.36
1.28,7.31,4.29,4.91
1.41,7.42,4.78,5.23
1.4,7.56,4.72,5.81
1.42,7.29,4.81,5.48
1.38,7.44,3.71,5.42
1.39,7.32,6.94,6.49
1.44,7.24,5.04,5.79
1.41,7.38,4.98,3.37
1.16,7.35,4.83,4.84
1.57,7.46,4.79,5.46
1.24,7.43,5.32,5.79
1.33,7.58,3.77,4.83
1.31,7.38,4.97,4.32
1.15,7.46,6.18,5.07
1.42,7.38,5.34,5.3
1.46,7.4,3.88,3.98
1.39,7.43,5.37,4.59
1.5,7.53,5.93,5.82
1.34,7.59,6.09,4.78
1.44,7.27,6.22,5.97
1.34,7.46,6.14,5.46
1.39,7.61,4.63,3.77
1.5,7.38,5.22,5.26
1.37,7.61,5.84,3.9
1.16,7.66,2.68,6.5
1.37,7.52,5.17,4.88
1.36,7.54,5.49,6.11
1.43,7.43,4.54,5.22
1.55,7.43,7.6,6.09
1.33,7.5,4.38,4.86
1.45,7.74,5.05,5.13
1.47,7.5,5.86,6.24
1.57,7.71,4.05,5.29
1.46,7.49,5.12,5.39
1.53,7.5,4.41,5.31
1.35,7.59,5.19,3.84
1.34,7.57,4.29,5.4
1.67,7.53,4.03,5.24
1.59,7.6,3.32,4.1
1.38,7.64,3.84,3.17
1.44,7.6,3.87,3.83
1.47,7.48,5.24,5.76
1.42,7.7,4.78,4.32
1.65,7.59,5.01,5.58
1.49,7.58,4.85,4.28
1.49,7.58,4.82,6.29
1.46,7.62,5.73,5.82
1.5,7.62,4.85,4.32
1.34,7.71,5.49,4.93
1.64,7.67,6.37,3.85
1.35,7.79,6.66,4.8
1.41,7.69,4.55,4.25
1.6,7.53,6.01,5.56
1.69,7.57,5.4,4.05
1.55,7.66,4.08,5.15
1.46,7.75,6.42,4.43
1.52,7.86,4.04,7.06
1.68,7.79,5.35,5.75
1.52,7.85,5.22,6.77
1.59,7.76,6.62,3.75
1.64,7.82,3.17,6.01
1.54,7.86,7.9,3.73
1.61,7.93,4.51,4.63
1.4,7.71,4.86,6.79
1.47,7.73,4.44,5.53
1.56,7.75,5.83,4.58
1.41,7.73,5.36,5.46
1.69,7.66,5.75,4.83
1.63,7.82,3.36,5.86
1.55,7.87,5.83,6.83
1.6,7.8,4.38,4.35
1.6,7.74,6.2,5.54
1.61,7.85,5.28,4.79
1.71,7.88,5.56,5.84
1.53,7.92,4.15,5.28
1.55,7.89,4.99,5.24
1.46,7.69,4.16,6.5
1.51,7.8,5.64,5.28
1.82,7.78,4.07,5.45
1.73,7.8,3.46,3.76
1.68,7.77,4.07,5.09
1.66,7.65,3.63,5.67
1.65,7.94,5.39,3.62
1.54,7.7,5.28,7.22
1.56,7.81,4.38,5.87
1.68,8.02,2.75,5.45
1.85,8.02,5.37,4.84
1.65,7.89,4.54,4.45
1.72,7.91,6.34,6.77
1.5,7.94,4.55,6.01
1.8,7.89,4.01,5.57
1.67,7.74,4.36,5.93
1.81,7.75,5.01,3.74
1.51,7.65,4.38,4.19
1.68,7.72,3.44,4.71
1.55,7.74,7.64,5.45
1.52,8.14,4.78,5.26
1.58,7.85,5.72,2.04
1.66,7.89,3.71,5.4
1.67,7.79,3.23,4.95
1.49,7.92,6.25,3.45
1.62,7.83,4.65,4.53
1.56,7.84,5.43,5.41
1.69,7.87,4.83,4.56
1.72,8,4.9,4.83
1.9,7.98,5.43,5.76
1.51,7.95,4.59,6.43
1.9,7.94,6.22,5.01
1.76,7.82,5.49,4.37
1.75,7.96,5.83,6.4
1.84,8.09,3.17,5.89
1.72,7.99,5.56,5.26
1.88,7.8,5.14,5.33
1.78,7.74,4.77,6.39
1.68,8,5.63,5.9
1.64,8.02,5.76,3.86
1.71,7.95,7.29,4.73
1.79,8.01,5.16,3.42
1.84,7.89,5.05,5
1.79,7.96,3.65,4.32
1.84,7.95,2.07,4.8
1.81,8.08,4.15,3.89
1.73,7.83,4.8,6.83
1.78,8.08,5.29,4.83
1.82,7.92,6.55,5.07
1.83,7.79,4.89,4.93
1.93,8.08,5.15,5.47
1.91,8.06,4.26,4.5
1.66,7.96,3.49,4.15
1.9,7.88,4.69,5.75
1.97,8.08,4.76,6.82
1.85,7.88,4.08,5.73
1.76,8.15,4.78,4.95
1.88,7.93,4.36,4.66
1.81,7.82,4.82,5.04
1.69,8.11,4.29,3.94
1.88,8.04,4.73,5.96
1.79,7.81,5.2,3.98
1.95,7.75,4.43,5.39
1.79,8.08,4.76,4.33
1.9,7.84,5.3,4.98
1.99,7.93,2.16,4.79
1.86,8.04,5.13,5.08
1.82,7.91,5.05,5.1
1.84,7.95,4.42,3.89
1.85,7.94,6.26,5.15
2.03,7.9,5.71,5.78
1.99,7.77,4.18,5.73
1.86,7.99,5.37,5.29
2.02,7.94,4.53,5.17
1.84,7.78,3.22,6.34
2.07,7.94,5.54,5.46
1.92,7.99,3.62,6.89
2.01,8.17,3.43,5.4
2.02,8.03,2.57,4.96
1.96,8.13,6.26,4.65
1.87,8.09,4.87,5.19
1.77,8.14,6.42,5.3
1.93,8.13,5.91,4.81
1.88,7.76,5.58,4.86
1.81,7.98,6.04,5.14
1.95,7.95,5.96,4.24
1.76,8.06,4.76,4.83
1.93,8.13,5.59,5.14
2.09,8.12,3.55,4.76
1.85,8.07,4.44,5.35
1.99,7.94,4.85,5.4
2.01,8,6.68,5.38
2.1,7.94,2.4,5.8
1.94,7.79,4.25,5.67
1.96,8.1,4.37,6.12
1.95,7.98,4.11,3.21
2.07,7.97,3.73,5.06
1.84,7.9,4.85,5
1.99,7.92,5.12,4.87
2.05,8,5.79,6.12
2.27,8.08,5.43,5.69
1.92,8.04,4.76,4.63
2.04,7.98,4.74,3.64
2.05,7.99,5.43,5.46
2.08,7.88,4.01,3.53
2.08,7.93,4.95,4.7
2.14,8.1,3.03,4.75
2.13,7.82,5.27,5.06
2.12,8.07,5.71,4.85
1.91,8.05,4.37,3.75
2.12,8.03,4.55,8.16
2.02,8.08,6.67,4.64
1.97,8.22,4.06,5.19
2.29,7.94,6.28,5.25
1.92,8.11,6.45,4.63
2.07,8.2,5.44,5.14
2.2,8.05,5.12,4.28
2.02,8,5.02,7.15
2.12,7.94,5.78,4.28
2.12,7.96,5.36,5.63
2.05,7.91,5.3,4.25
2.08,7.9,5.05,5.59
2.16,8.03,5.87,6.31
2.06,7.87,3.51,4.05
2.01,7.96,5.38,4.22
2.15,7.91,6.07,5.71
2.05,8.12,6.22,5.55
2.15,8.01,4.57,7.39
2.11,8.06,3.8,4.62
2.21,7.97,5.17,4.44
1.94,8.04,2.78,5.37
2.12,8.02,5.07,6.1
2.09,7.94,6.32,6.63
2.22,8.08,6.84,6.44
2.06,7.9,5.8,5.08
2.09,8.09,5.64,6.25
2.11,7.94,4.76,4.14
2.16,7.89,5.47,4.58
2.06,7.71,5.05,4.47
2.08,7.99,4.26,5.02
2.18,7.97,3,3.72
2.19,7.87,6.38,5.49
2.09,7.8,2.49,3.77
2.14,7.98,4.39,5.97
2.17,7.86,4.82,4.75
2.23,8.03,6.81,5.24
2.21,7.97,5.16,4.85
2.07,7.92,4.69,6.93
2.06,8,2.45,4.92
2.07,8.02,5.15,3.19
2.24,7.91,5.76,6.23
2.1,7.89,6.57,4.3
2.24,8.15,4.66,4.2
2.41,8.03,5.8,4.53
2.22,7.85,3.46,4.73
2.25,7.92,5.74,4.67
2.33,8.11,3.99,4.69
2.18,7.93,4.75,6.32
2.43,7.91,4.31,6.4
2.02,7.87,4.11,4.21
2.27,7.84,4.42,2.94
2.29,8.04,8.18,3.67
2.41,7.77,5.16,4.69
2.31,7.88,5.85,6.14
2.31,7.95,5.18,4.9
2.38,7.84,4.61,5.79
2.24,7.96,3.59,4.53
2.34,7.97,4.45,5.93
2.27,7.78,4.82,5.95
2.45,7.79,4.09,5.06
2.54,7.79,5.96,4.23
2.13,7.94,5.51,4.11
2.67,8.03,6.56,5.92
2.38,7.96,5.64,6.32
2.44,7.82,4.05,6.11
2.16,7.93,5,5.03
2.39,7.81,3.83,5.41
2.17,7.83,4.58,6.06
2.31,7.86,5.83,2.78
2.41,7.76,6.32,5.01
2.49,7.89,5.13,5.31
2.35,7.86,6.2,5.04
2.33,8,5.83,4.81
2.15,7.83,6.17,5.41
2.29,7.76,5.05,4.07
2.37,7.81,3.81,3.82
2.52,7.75,6.13,4.71
2.34,7.83,4.73,4.91
2.35,7.67,4.96,2.75
2.45,7.83,6.36,6.75
2.16,7.83,5.29,4.23
2.28,7.78,5.3,6.19
2.24,7.9,3.33,3.65
2.27,7.85,6.08,3.8
2.49,7.8,5.64,5.24
2.39,7.63,4.78,3.85
2.43,7.8,4.22,3.82
2.42,7.69,5.84,4.09
2.36,7.81,5.18,3.69
2.49,7.82,4.27,6.21
2.44,7.75,5.22,5
2.36,7.87,4.76,4.77
2.54,7.91,4.25,7.23
2.62,7.79,5.97,5.2
2.36,7.84,4.23,5.29
2.5,7.74,5.27,4.63
2.48,7.85,4.96,5.79
2.4,7.78,5.41,5.45
2.52,7.76,4.76,5.32
2.6,7.78,5.19,5.51
2.56,7.64,2.89,4.71
2.54,7.71,6.29,3.68
2.47,7.68,3.76,3.74
2.62,7.7,4.88,5.52
2.28,7.89,5.05,5.06
2.36,7.65,4.94,5.33
2.4,7.53,6.35,4.64
2.45,7.61,6.25,3.78
2.6,7.72,5.5,4.77
2.56,7.65,4.13,5.36
2.6,7.57,4.87,6.42
2.48,7.63,4.78,3.98
2.71,7.8,5.99,6.68
2.55,7.67,6.47,4.55
2.24,7.72,5.8,5.13
2.47,7.53,4.27,5.62
2.37,7.54,5.1,3.5
2.55,7.74,3.22,4.84
2.56,7.49,5.26,6.08
2.62,7.46,5.86,4.98
2.49,7.82,4.87,6.96
2.64,7.63,5.21,5.44
2.6,7.38,6.64,6.92
2.54,7.6,5.28,2.69
2.29,7.6,4.89,3.97
2.59,7.66,4.46,5.13
2.48,7.44,5.72,4.28
2.91,7.67,5.66,5.41
2.76,7.67,7.29,3.99
2.69,7.51,2.98,6.01
2.57,7.39,3.78,2.28
2.43,7.43,4.31,5.06
2.44,7.59,5.88,3.89
2.5,7.53,4.76,4.45
2.48,7.55,5.47,4.83
2.76,7.55,3,4.14
2.49,7.52,4.47,4.43
2.63,7.6,4.87,5.52
2.68,7.56,5.11,5.63
2.43,7.5,4.69,4.84
2.79,7.47,5.71,3.76
2.54,7.45,5.79,5.93
2.59,7.44,6.38,5.25
2.67,7.51,7.9,4.43
2.64,7.36,5.31,6.18
2.8,7.48,4.44,5.01
2.69,7.45,4.57,5.24
2.65,7.46,6.02,5.02
2.53,7.27,4.41,4.42
2.47,7.61,4.21,6.32
2.75,7.33,6.34,5.63
2.72,7.15,4.46,4.69
2.66,7.21,4.51,6.08
2.67,7.42,6.2,4.29
2.78,7.23,5.6,2.16
2.67,7.27,4.8,5
2.69,7.59,5.51,4.91
2.65,7.15,6.27,6.06
2.7,7.26,5.98,4.7
2.76,7.3,6.3,6.81
2.79,7.15,3.32,5.22
2.87,7.28,4.16,5.61
2.82,7.34,4.77,7.23
2.92,7.4,6.72,4.95
2.95,7.37,4.11,4.52
2.71,7.2,3.78,4.25
2.77,7.22,3.15,5.17
2.79,7.36,5.89,4.12
2.88,7.3,4.42,6.69
2.74,7.02,5.28,3.99
2.6,7.25,6.48,5.18
2.73,7.3,6.87,7.02
2.73,7.1,4.4,4.62
2.67,7.31,4.66,5.39
2.82,7.02,5.3,4.99
2.64,7.43,5.48,5.87
2.92,7.23,4.96,6.17
2.82,7.09,5.86,4.41
2.85,7.03,4.25,5.15
2.79,7.23,4.27,7.21
2.85,7.06,4.73,4.28
2.9,7.02,5.91,4.04
2.7,7.07,4.69,5.33
2.76,7.07,4.6,4.56
2.83,7.07,3.93,2.61
2.79,7.23,5.12,4.45
2.9,7.21,4.51,5.55
2.91,7.29,5.84,5.05
2.77,6.95,5.44,5.8
2.8,7.04,5.39,4.17
2.94,6.89,4.46,4.36
2.85,6.97,4.02,5.32
2.96,6.97,4.53,3.79
2.87,7.08,5,5.02
2.76,7.14,5.51,4.56
2.7,7.09,5,3.45
2.99,6.88,4.68,4.33
3.13,6.96,4.62,3.19
2.93,6.93,4.41,4.13
2.82,6.8,6.49,4.31
2.85,7.01,4.68,6.76
2.87,7.12,5.93,4.73
2.83,6.93,4.94,3.72
2.82,6.97,4.48,3.51
2.73,6.88,5.24,7.11
2.85,6.99,4.77,3.88
2.97,6.86,3.47,5.39
2.79,7.04,3.92,4.82
2.6,6.93,4.1,5.8
2.95,6.97,5.76,4.56
2.91,6.82,4.8,3.42
2.83,6.83,3.99,4.14
3.03,6.82,3.97,4.1
2.98,6.91,4.43,4.69
2.94,6.96,5.17,4.08
2.87,6.69,5.18,3.76
2.96,6.85,4.52,1.94
3.02,6.97,5.66,4.75
2.9,6.73,5.24,5.03
2.94,6.54,5.44,4.86
3.1,6.84,6.32,5.24
2.93,6.67,4.52,6.54
2.85,6.63,5.93,4.5
3.05,6.81,3.85,6.52
2.94,6.84,3.8,6.29
3.18,6.71,6.09,6.07
3.01,6.69,5.48,2.86
2.97,6.67,3.16,3.78
3.03,6.61,4.59,5.18
2.83,6.7,5.63,5.18
2.9,6.73,4.46,5.55
3.02,6.59,4.7,4.85
3.02,6.57,5.44,5.69
3.11,6.64,4.09,3.9
3.03,6.74,6.67,4.04
3.08,6.51,5.31,4.6
3.04,6.66,5.45,3.54
3.04,6.46,4.03,3.47
2.92,6.66,6.18,4.69
2.89,6.57,4.45,5.29
2.88,6.46,7.2,5.42
3.09,6.51,3.89,5.5
3.09,6.47,4.72,3.73
3.04,6.53,5.48,5.34
2.97,6.5,4.1,6.2
3.04,6.49,4.48,4.82
3.13,6.39,5.71,5.51
2.98,6.49,5.63,2.9
3.23,6.35,4.55,5.33
2.92,6.43,5.73,4.83
3.15,6.21,4.48,4.94
3.13,6.31,6.25,5.81
2.99,6.36,4.79,6.58
3.21,6.57,4.5,5.46
3.1,6.56,3.01,4.65
2.91,6.59,5.32,7.23
3.05,6.53,4.48,4.8
3.07,6.38,4.71,5.54
3.07,6.26,5.42,4.92
3.17,6.27,4.63,5.74
3.32,6.4,3.57,3.63
2.99,6.01,5.24,5.3
3.22,6.22,4.32,5.47
3.11,6.1,6.09,4.87
3.05,6.21,5.64,5.14
3.11,6.29,5.41,5.12
2.98,6.38,2.96,6.51
3.16,6.28,4.38,3.98
3.17,6.24,6.14,5.31
3.06,6.22,5.15,5.7
3.23,6.28,5.02,5.74
3.29,6.16,4.1,5.02
3.25,6.12,6.68,5.39
3.24,6.21,3.96,4.58
3.28,6.28,5.62,4.36
3.24,6.09,5.32,3.93
3.09,6.12,5.06,3.86
2.98,5.98,4.61,3.66
3.25,6.03,5.66,7.07
3.08,6.05,5.63,2.64
3.41,6.05,5.04,6.46
3.22,6.08,6.63,5.67
3.35,6.1,4.43,3.85
3.01,5.88,5.17,4.79
3.04,5.96,7.44,7.66
3.12,5.95,4.83,4.14
3.26,6.08,6.65,3.31
3.24,5.98,5.13,5.55
3.22,5.85,5.21,5.16
3.05,5.9,4.98,2.94
3.22,6.02,4.78,5.76
3.16,5.85,4.3,5.32
3.27,5.89,3.96,4.27
3.28,5.87,7.04,4.7
3.32,5.81,5.61,6.49
3.22,5.85,5.02,5.95
3.21,5.91,6.32,6.17
3.28,5.75,6.19,5.35
3.16,5.74,4.06,6.86
3.21,5.81,4.62,4.35
3.3,5.75,6.74,3.52
3.18,5.98,4.28,3.9
3.45,5.76,6.63,5.7
3.31,5.7,4.8,7.3
3.32,5.78,5.02,2.51
3.35,5.67,6.23,3.9
3.19,5.79,6.63,2.98
3.37,5.61,4.92,4.02
3.26,5.62,3.19,5
3.3,5.52,4.13,3.7
3.28,5.48,5,5.29
3.38,5.66,6.47,3.87
3.53,5.72,5,5.64
3.38,5.53,6.38,6.47
3.41,5.58,5.08,5.18
3.19,5.56,4.83,5.06
3.36,5.64,5.09,4.68
3.27,5.68,5,4.86
3.37,5.42,4.66,5.13
3.36,5.57,4.79,5.39
3.33,5.38,5.09,4.6
3.23,5.41,4.71,4.94
3.38,5.58,2.36,3.4
3.27,5.37,5.49,6.42
3.33,5.62,4.57,7.11
3.38,5.44,4.15,5.76
3.5,5.51,5.91,7.2
3.37,5.45,5.98,3.89
3.27,5.24,5.33,4.13
3.43,5.68,5.8,4.59
3.56,5.49,5.26,4.27
3.44,5.3,4.48,4.77
3.26,5.25,4.22,4.84
3.43,5.17,8,5.21
3.3,5.28,4.02,4.62
3.3,5.22,5.38,5.82
3.48,5.23,3.54,5.66
3.19,5.41,5.25,3.38
3.31,5.04,3.83,3.46
3.38,5.3,4.97,5.26
3.35,5.26,4.94,6.24
3.47,5.29,4.2,4.4
3.59,5.03,4.88,3.78
3.41,4.99,5.86,4.07
3.44,5.31,4.61,5.25
3.49,5.13,5.43,4.81
3.45,5.23,5.63,4.75
3.33,5.01,6.06,5.46
3.38,5.17,5.05,5.28
3.58,5.16,5.59,6.85
3.55,5.19,5.56,5.49
3.52,5.1,4.79,5.63
3.57,5.11,4.9,5.85
3.64,4.98,6.01,5.03
3.59,5.03,5.09,6.22
3.51,4.83,4.44,5.03
3.49,5.02,4.81,3.88
3.28,4.97,5.51,4.33
3.52,4.94,4.6,5.42
3.5,4.6,4.09,5.5
3.45,4.95,3.46,4.46
3.4,4.87,4.36,4.31
3.53,5.05,4.73,5.05
3.5,4.93,5.64,5.66
3.61,4.86,3.95,4.3
3.51,4.83,5.2,5.4
3.59,4.81,5.36,5.64
3.61,4.73,3.3,4.09
3.52,4.64,3.78,4.5
3.45,4.71,7.2,4.19
3.41,4.57,4.45,4.84
3.44,4.74,6.29,4.06
3.6,4.65,4.78,3.04
3.57,4.69,6.65,6.02
3.48,4.61,5.38,5.28
3.57,4.38,2.35,5.31
3.61,4.39,5.94,5.14
3.55,4.51,5.8,6.34
3.6,4.65,5.53,6.94
3.63,4.46,4.75,5.07
3.59,4.6,5.05,4.1
3.54,4.54,5.1,5.54
3.54,4.5,4.67,4.45
3.57,4.38,5.18,4.12
3.56,4.26,5.1,4.31
3.6,4.36,2.87,6.09
3.76,4.33,4.5,5.52
3.65,4.4,5.75,4.13
3.62,4.35,5.01,5.23
3.68,4.54,5.76,3.99
3.53,4.18,3.88,4.09
3.44,4.2,3.59,3.95
3.72,4.26,2.28,5.49
3.32,4.33,5.27,3.6
3.67,4.26,4.53,5.67
3.75,4.13,5.09,3.38
3.65,4.11,3.62,4.87
3.72,4,3.93,4.98
3.75,4.3,4.82,5.02
3.58,4.14,4.13,5.95
3.63,4.19,6.09,5.84
3.71,4.1,5.93,6.09
3.71,4.1,4.57,5
3.72,4.17,5.09,4.43
3.68,3.96,5.91,6.42
3.62,4.06,4.18,4.08
3.77,4.09,6.39,4.49
3.67,3.86,7.1,5.58
3.57,4.14,3.4,5.39
3.8,4.03,5.37,3.88
3.8,3.89,5.52,5.71
3.75,3.98,5.32,5.5
3.71,3.98,4.17,3.56
3.57,4.02,6.87,5.85
3.78,3.77,5.04,4.93
3.6,3.92,5.04,5.93
3.78,3.88,5.38,4.43
3.82,3.92,5.44,4.34
3.81,3.88,4.95,6.42
3.82,3.77,5.51,5.8
3.61,3.84,4.55,4.6
3.69,3.74,5.33,6.92
3.91,3.6,5.25,4
3.69,3.6,4.03,4.81
3.71,3.71,4.76,6.03
3.67,3.61,5.19,4.68
3.78,3.73,6.77,4.12
3.69,3.68,5.56,5.92
3.64,3.59,3.99,4.19
3.7,3.91,3.49,5.66
3.63,3.53,5.92,4.47
3.87,3.45,3.47,5.54
3.83,3.55,5.11,5.16
3.81,3.33,4.27,3.53
3.79,3.73,4.67,4.86
3.79,3.54,6.17,3.92
3.95,3.55,4.51,3.7
3.66,3.42,3.83,3.38
3.84,3.29,4.43,4.32
3.78,3.28,3.02,6.46
3.87,3.32,3.76,4.83
3.95,3.28,4.45,6.14
3.62,3.2,5.2,5.3
3.94,3.23,5.73,4.08
3.8,3.23,6.18,4.54
3.83,3.25,3.49,5
3.82,3.16,5.28,3.8
3.81,3.26,5.31,5.28
3.97,3.11,5.83,4.63
3.82,3.28,3.98,3.8
3.98,3.22,5.67,6.51
3.86,3.02,4.1,4.49
3.87,3.06,5.07,6.09
3.87,3.07,5.75,6.46
3.9,3.05,5.96,4.4
3.84,3.14,5.51,4.67
3.87,3.17,4.85,5.39
3.84,3.07,3.97,4.97
3.92,2.93,5.5,5.74
3.93,3,3.87,5.13
3.84,3.22,5.32,2.93
3.72,3,5.91,4.55
3.97,2.95,3.49,5.85
3.95,2.81,5.96,5
3.87,2.81,4.4,5.83
3.98,2.82,3.18,3.31
3.74,2.71,5.26,6.24
3.83,2.9,3.79,3.84
3.89,2.8,7.06,5.39
3.99,2.71,6.96,5.31
3.89,2.91,5.11,4.89
3.93,2.76,6.91,5.69
3.93,2.66,4.67,4.02
3.9,2.7,4.84,4.52
3.84,2.6,4.45,5.1
4,2.7,5.63,5.16
3.94,2.58,4.94,3.9
3.85,2.52,4.82,5.91
3.8,2.5,3.04,3.5
4.11,2.69,4.73,5.67
3.86,2.63,5.34,4.11
4.07,2.59,5.87,3.88
3.94,2.62,4.4,6.17
4.22,2.61,5.51,5.87
3.96,2.53,5.15,5.38
4,2.51,6,5.2
-0.111,2.5,-4.92,-6.28
-6.71e-05,2.36,-4.62,-4.51
0.107,2.42,-4.93,-4.59
0.0239,2.52,-4.51,-4.4
0.0221,2.41,-6.12,-4.76
-0.144,2.54,-3.08,-3.61
0.147,2.45,-3.54,-6.01
-0.0682,2.61,-4.68,-5.91
0.0545,2.69,-5.01,-4.65
-0.0465,2.58,-5.43,-6.07
0.0231,2.47,-4.33,-4.92
0.085,2.6,-6.66,-4.31
0.00219,2.57,-3.51,-6.21
0.073,2.96,-6.01,-4.96
0.0869,2.64,-2.45,-4.11
-0.182,2.78,-7.27,-5.67
0.148,2.88,-4.76,-4.83
-0.0513,2.86,-4.77,-5.04
-0.094,2.59,-4.42,-4.65
-0.0859,2.87,-3.93,-4.44
-0.0207,2.88,-5.29,-4.22
0.0956,2.79,-6.36,-5.41
0.275,2.86,-6.03,-4.46
-0.0544,2.87,-6.35,-4.29
0.206,2.83,-6.2,-6.56
0.0375,2.85,-6.58,-4.7
0.167,2.84,-5.45,-5.41
0.106,2.99,-5.34,-3.86
0.148,2.98,-4.48,-5.8
0.0873,2.96,-5.64,-3.79
0.19,3.1,-5.59,-5.75
0.172,3,-6.85,-2.76
0.311,3.11,-4.18,-5.8
0.2,3.31,-4.94,-4.27
0.276,3.11,-3.23,-5.53
0.218,3.11,-4.98,-3.8
0.129,3.15,-6,-3.39
0.121,3.31,-4.15,-4.85
0.0281,3.22,-3.92,-4.71
0.194,3.15,-3.45,-5.73
0.121,3.33,-5.72,-4.12
0.336,3.39,-3.56,-4.72
0.032,3.32,-5.96,-5.89
0.162,3.37,-3.78,-4.93
0.354,3.33,-4.42,-6.27
0.247,3.2,-4.66,-3.83
0.135,3.34,-5.28,-4.59
0.063,3.38,-7.17,-4.79
0.201,3.44,-5.26,-3.85
0.208,3.35,-5.45,-4.85
0.0644,3.59,-5.72,-4.31
0.161,3.5,-7.83,-3.14
0.173,3.63,-6.81,-5.28
0.239,3.65,-4.02,-6.21
0.403,3.58,-6.83,-5.08
0.264,3.67,-5.26,-3.34
0.298,3.67,-6.31,-5.59
0.162,3.55,-5.47,-4.73
0.139,3.52,-4.61,-5.09
0.179,3.74,-4.53,-6.32
0.141,3.63,-6.42,-7.33
-0.0244,3.56,-5.53,-5.84
0.277,3.61,-5.71,-5.73
0.133,3.5,-6.38,-3.99
0.18,3.8,-3.31,-4.67
0.329,3.86,-3.63,-6.44
0.2,3.79,-4.58,-6.35
0.265,3.94,-4.2,-6.44
0.064,3.82,-5.86,-6.18
0.175,3.95,-3.84,-5.95
0.263,3.8,-4.58,-4.63
0.203,3.83,-7.52,-4.09
0.249,3.8,-6.53,-5.18
0.242,4,-4.02,-4.01
0.366,4.11,-5.86,-4.06
0.312,4.07,-5.52,-6.02
0.5,4.14,-4.84,-4.69
0.0737,4.18,-4.46,-5.5
0.43,4.1,-4.38,-4.18
0.342,3.89,-4.4,-4.17
0.309,4.1,-5.49,-5.58
0.241,4.02,-3.85,-4.59
0.537,4.09,-5.04,-4.43
0.233,4.23,-4.01,-3.35
0.316,3.93,-5.78,-2.44
0.252,4.05,-5.17,-5.59
0.404,4.24,-4.8,-5.55
0.409,4.21,-5.39,-5.09
0.393,4.13,-5.63,-4.76
0.484,4.22,-6.08,-5.19
0.301,4.15,-4.65,-4.46
0.384,4.14,-4.63,-4.22
0.465,4.44,-4.73,-5.95
0.292,4.3,-6.81,-5.02
0.332,4.1,-4.4,-4.9
0.212,4.45,-4.2,-5.22
0.269,4.44,-5.08,-5.35
0.407,4.49,-4.01,-4.66
0.498,4.34,-6.71,-5.36
0.295,4.4,-5.96,-4.65
0.524,4.46,-4.2,-6.5
0.447,4.45,-3.7,-4.05
0.462,4.5,-5.26,-5.41
0.429,4.37,-5.56,-3.67
0.299,4.34,-5.63,-3.69
0.382,4.59,-4.3,-4.96
0.333,4.62,-5.53,-5.29
0.407,4.43,-5.83,-6.12
0.382,4.57,-5.89,-3.83
0.388,4.55,-4.51,-7.07
0.333,4.61,-5.74,-4.99
0.367,4.56,-5.62,-3.58
0.395,4.7,-3.78,-5.51
0.458,4.77,-6.97,-4.53
0.4,4.66,-5.01,-4.13
0.511,4.75,-6.53,-4.87
0.393,4.69,-5.35,-6
0.448,4.74,-4.77,-5.59
0.514,4.84,-5.63,-6.96
0.3,4.94,-5.7,-4.57
0.391,4.87,-5.39,-6.96
0.557,4.7,-4.84,-7.09
0.572,4.56,-5.81,-6.26
0.643,4.68,-5.37,-4.64
0.361,4.86,-4.08,-5.13
0.536,4.63,-5.73,-4.88
0.617,4.85,-6.83,-5.82
0.562,4.73,-5.27,-3.54
0.572,4.85,-2.76,-5.65
0.526,4.98,-6.36,-4.96
0.495,4.76,-5.61,-6.23
0.64,4.83,-5.26,-5.8
0.381,4.86,-2.78,-3.88
0.688,5.01,-4.31,-4.98
0.54,4.87,-3.73,-4.63
0.683,5.1,-4.03,-6.58
0.52,5.02,-6.08,-5.63
0.479,5.05,-5.86,-6
0.448,5.09,-3.92,-3.75
0.593,5.18,-4.58,-4.67
0.342,5.1,-5.19,-5.21
0.542,4.9,-4.64,-5.73
0.548,5.47,-7.59,-6.21
0.464,5,-6.3,-5.81
0.633,5.2,-3.35,-3.1
0.511,5.05,-4.11,-3.37
0.544,5.28,-7.45,-6.21
0.648,5.14,-5.56,-5.19
0.621,5.35,-5.97,-5.22
0.665,5.1,-3.08,-5.77
0.686,5.22,-3.64,-6.17
0.716,5.14,-5.25,-5.25
0.498,5.39,-2.95,-4.94
0.555,5.37,-6.07,-4.21
0.519,5.48,-3.26,-2.88
0.673,5.34,-5.54,-5.09
0.557,5.29,-5.95,-4.75
0.688,5.37,-5.37,-4.6
0.563,5.48,-4.72,-5.89
0.78,5.47,-5.59,-5.05
0.472,5.32,-4.22,-6.76
0.839,5.45,-4.62,-5.88
0.597,5.54,-6.14,-3.87
0.611,5.44,-4.85,-5.34
0.784,5.42,-6.88,-4.02
0.577,5.61,-4.31,-4.6
0.553,5.38,-5.27,-3.88
0.615,5.58,-5.5,-5.76
0.763,5.54,-3.27,-5.88
0.833,5.85,-4.32,-4.84
0.752,5.57,-3.02,-4.8
0.664,5.59,-6.89,-6.47
0.743,5.46,-5.75,-5.6
0.626,5.67,-4.79,-4.85
0.584,5.74,-3.76,-4.42
0.772,5.57,-3.77,-5.27
0.85,5.64,-4.13,-4.95
0.617,5.65,-4.07,-4.62
0.739,5.56,-6.08,-4.62
0.812,5.53,-4.59,-5.88
0.631,5.58,-5.49,-4.88
0.912,5.63,-4.4,-4.7
0.671,5.85,-4.94,-4.46
0.689,5.68,-5.17,-4.78
0.749,5.85,-5.6,-3.77
0.773,5.74,-3.76,-6.82
0.834,5.86,-4.37,-5.69
0.698,5.79,-5.31,-4.43
0.65,5.78,-5.6,-4.91
0.858,5.89,-5.32,-3.13
0.985,5.71,-4.75,-5.16
0.889,5.86,-4.63,-3.72
0.886,6.14,-4.87,-4.94
0.636,5.84,-5.32,-5.46
0.877,5.94,-5.13,-6.31
0.631,5.88,-3.26,-4.36
0.72,6.11,-5.07,-6.24
0.828,5.78,-5.79,-4.24
0.729,5.99,-4.54,-4.89
0.683,5.99,-5.83,-4.82
0.87,6.04,-6.05,-3.43
0.757,6.07,-6.55,-4.44
0.777,6.06,-5.36,-4.04
0.729,5.98,-3.94,-5.32
0.769,6.05,-5.66,-4.18
0.625,6.13,-5.15,-3.45
0.86,5.97,-4.09,-6.08
0.9,6.17,-4.21,-4.69
0.657,5.98,-5.16,-4.87
0.701,6.23,-5.57,-5.33
0.869,6.33,-5.71,-4.61
0.739,6.15,-3.42,-4.08
0.745,6.18,-3.09,-6.51
0.883,6.31,-4.72,-5.95
0.872,6.08,-2.39,-5.83
0.736,6.01,-6.25,-5.93
0.891,6.17,-5.86,-5.62
0.883,6.18,-6,-5.56
0.78,6.13,-3.98,-5.67
1.02,6.09,-6.19,-5.37
1.09,6.31,-4.86,-4.91
0.904,6.15,-5.57,-4.23
0.84,6.42,-4.28,-6.69
0.884,6.34,-4.8,-5.36
1.01,6.21,-4.33,-5.05
1.03,6.37,-4.8,-4.25
0.864,6.29,-3.55,-4.86
0.829,6.29,-6.31,-3.68
1.1,6.37,-5.49,-4.47
0.912,6.24,-4.38,-7.31
0.757,6.4,-8.06,-3.66
0.895,6.37,-4.72,-5.48
0.978,6.49,-6.55,-5.18
0.998,6.51,-5.01,-6.5
1.01,6.41,-3.9,-4.27
0.965,6.44,-3.86,-3.37
1.04,6.47,-5.85,-4.32
0.919,6.32,-4.06,-4.23
0.855,6.38,-5.65,-6.05
0.941,6.59,-6,-4.55
1.01,6.34,-3.73,-6.16
0.918,6.56,-5.74,-5.89
1.12,6.45,-4.47,-4.55
0.973,6.52,-5.6,-5.33
0.983,6.4,-4.33,-4.74
1.01,6.57,-3.48,-5.45
0.778,6.64,-5.61,-5.73
1.01,6.52,-4.29,-5.96
0.727,6.52,-4.69,-5.42
0.979,6.63,-7.34,-5.64
1.09,6.37,-5.51,-4.24
0.96,6.61,-5.13,-3.91
1.15,6.61,-5.89,-3.79
0.911,6.54,-5.66,-3.02
1.06,6.57,-4.17,-6.28
1.02,6.69,-5.62,-5.14
1.21,6.65,-5,-4.88
1.05,6.75,-5.92,-4.16
1.13,6.64,-4.3,-7.29
0.978,6.86,-4.26,-4.07
1.29,6.82,-4.81,-5.2
1.14,6.74,-5.39,-2.52
0.988,6.56,-4.7,-5.34
1.02,6.71,-4.31,-4.65
1.01,6.74,-3.77,-4.36
1.04,6.8,-6.61,-4.13
1.04,6.73,-4.48,-5.29
0.88,6.75,-4.79,-4.92
0.935,6.88,-5.18,-4.22
1.28,6.81,-3.83,-6.27
1.11,6.77,-4.01,-7.2
1.14,6.77,-3.36,-3.92
1.15,6.79,-3.62,-2.9
1.38,6.93,-5.3,-6.2
1.01,6.99,-4.82,-6.07
1.17,6.88,-5.01,-5.87
1.17,6.67,-5.14,-3.6
1.19,6.96,-5.67,-5.65
1.27,6.73,-5.5,-4.44
1.12,6.82,-6.45,-4.53
1.24,6.85,-5.73,-4.33
1.18,6.84,-4.13,-3.74
1.29,7.03,-5.73,-5.23
1.3,6.88,-4.19,-5.08
1.26,6.97,-3.89,-6
1.03,7.06,-6.79,-7.06
1.05,7.04,-4.3,-4.99
1.21,6.97,-4.4,-3.76
1.13,6.92,-4.5,-4.52
1.12,7.17,-5.72,-5.33
1.33,6.95,-3.79,-6.84
1.36,6.93,-3.56,-4.81
1.08,7.09,-4.48,-3.98
1.19,6.87,-5.6,-6.22
1.2,6.97,-6.43,-4.85
1.2,7.12,-4.23,-6.26
1.21,7.12,-5.46,-4.18
1.29,7.13,-6.29,-5.09
1.3,7.17,-4.37,-4.24
1.12,6.97,-4.87,-3.55
1.13,6.92,-4.18,-5.18
1.21,7.12,-4.6,-5.09
1.19,7.14,-4.06,-5.25
1.41,7.22,-5.61,-4.63
1.29,7.22,-4.8,-4.78
1.32,7.35,-5.89,-5.3
1.08,7.23,-5.74,-4.98
1.04,7.22,-5.64,-4.73
1.17,7.18,-3.68,-5.15
1.36,7.28,-6.39,-6.11
1.2,7.26,-5.6,-5.05
1.33,7.26,-4.37,-5
1.17,7.27,-5.77,-6.35
1.29,7.28,-3.37,-6.44
1.41,7.33,-2.74,-4.78
1.22,7.2,-5.82,-3.46
1.4,7.29,-4.5,-4.47
1.34,7.23,-7.09,-5.87
1.08,7.22,-5.67,-6.48
1.24,7.21,-6.64,-3.56
1.08,7.38,-5.59,-3.66
1.37,7.39,-4.76,-3.34
1.32,7.14,-5.14,-4.59
1.18,7.27,-7.51,-4.61
1.33,7.47,-5.19,-5.68
1.15,7.43,-4.48,-5.86
1.32,7.52,-3.44,-5.28
1.24,7.34,-5.59,-6.06
1.29,7.38,-3.87,-5.11
1.39,7.22,-3.91,-6.42
1.2,7.2,-4.13,-4.61
1.12,7.31,-3.57,-4.97
1.42,7.6,-5.47,-5.85
1.32,7.46,-4.57,-5.62
1.41,7.35,-5.52,-4.43
1.26,7.41,-5.56,-5
1.3,7.51,-5.7,-4.74
1.41,7.52,-7,-5.23
1.41,7.34,-5.29,-7.59
1.29,7.37,-7.17,-6.51
1.32,7.44,-5.29,-5.22
1.39,7.53,-5.96,-3.73
1.34,7.45,-5.69,-4.32
1.32,7.49,-3.48,-5.21
1.34,7.47,-5.28,-5.8
1.3,7.34,-2.26,-4.15
1.5,7.74,-3.48,-3.89
1.35,7.63,-5.27,-5.48
1.34,7.57,-5.51,-2.7
1.31,7.51,-5.34,-6.83
1.5,7.45,-4.84,-4.64
1.43,7.55,-4.15,-5.27
1.41,7.49,-6.59,-6.8
1.24,7.64,-3.32,-5.17
1.43,7.44,-4.61,-3.28
1.49,7.62,-3.78,-6.09
1.47,7.56,-4.4,-4.69
1.43,7.65,-4.71,-2.69
1.33,7.56,-6.75,-5.66
1.56,7.58,-4.37,-4.86
1.39,7.36,-4.7,-4.13
1.4,7.61,-5.2,-3.97
1.58,7.65,-4.65,-4.47
1.62,7.45,-5.8,-4.09
1.4,7.67,-7.78,-5.49
1.61,7.66,-4,-5.11
1.45,7.52,-3.86,-4.23
1.45,7.69,-5.72,-5.41
1.48,7.5,-6.17,-5.66
1.5,7.58,-5.44,-4.81
1.47,7.62,-4.95,-4.73
1.48,7.69,-4.06,-5.59
1.28,7.62,-4.14,-3.07
1.52,7.63,-4.8,-6.41
1.61,7.72,-5.56,-5.02
1.62,7.61,-5.51,-4.5
1.5,7.48,-6.32,-4.7
1.6,7.8,-5.3,-5.01
1.53,7.83,-5.98,-5.03
1.62,7.58,-5.93,-5.33
1.48,7.63,-4.8,-4.65
1.67,7.59,-5.63,-4.44
1.51,7.76,-6.97,-4.36
1.59,7.55,-4.01,-4.15
1.46,7.82,-4.69,-4.36
1.61,7.68,-4.58,-4.96
1.55,7.53,-4.66,-5.94
1.66,7.81,-5.55,-4.7
1.59,7.82,-5.66,-6.39
1.62,7.66,-6.86,-5.08
1.41,7.75,-4.32,-5.71
1.48,7.64,-6.51,-5.28
1.75,7.6,-4.22,-4.47
1.6,7.65,-7.25,-5.44
1.62,7.77,-4.77,-4.99
1.61,7.93,-6.2,-5.82
1.67,7.71,-3.87,-5.53
1.55,7.97,-2.78,-3.02
1.7,7.63,-7.12,-5.04
1.52,7.93,-4.82,-7.34
1.8,7.8,-5.3,-4.35
1.42,7.65,-6.37,-4.06
1.68,7.79,-4.72,-5.4
1.58,7.81,-3.5,-4.11
1.55,7.82,-4.32,-2.81
1.74,7.74,-4.75,-5.69
1.56,7.66,-4.91,-3.37
1.57,7.87,-4.62,-4.66
1.65,7.9,-4.87,-5.93
1.32,7.75,-6.52,-5.15
1.42,7.83,-5.05,-4.23
1.7,7.83,-4.54,-4.15
1.64,7.89,-4.41,-5.4
1.7,7.73,-3.19,-6.94
1.69,7.85,-4.58,-3.61
1.61,7.85,-4.04,-4.91
1.67,7.86,-4.06,-2.98
1.7,7.92,-4.91,-3.38
1.7,7.95,-4.13,-4.35
1.48,7.7,-6.31,-6.08
1.68,7.86,-6.05,-6.91
1.76,7.65,-5.09,-5.97
1.85,7.95,-4.12,-3.35
1.63,7.71,-5.45,-4.99
1.74,7.86,-5.55,-4.79
1.71,7.85,-6.55,-6.26
1.65,7.88,-4.03,-4.74
1.68,7.86,-6.52,-5.2
1.64,7.77,-5.52,-4.41
1.64,7.77,-5.13,-3.97
1.73,7.94,-5.8,-5.58
1.59,8,-4.6,-5.52
1.7,7.88,-4.97,-5.89
1.73,8.03,-4.61,-5.4
1.67,7.87,-6.56,-5.46
1.69,8,-4.66,-5.13
1.72,7.91,-3.57,-5.11
1.76,7.83,-5.47,-5.77
1.72,7.83,-6.16,-4.32
1.88,7.99,-3.46,-5.21
1.63,7.86,-4.38,-3.94
1.69,7.82,-6.01,-5.59
1.76,7.93,-5.25,-3.76
1.86,7.83,-5.32,-4.9
1.94,7.95,-3.7,-7.12
1.74,7.92,-5.3,-5.85
1.64,7.93,-4.82,-3.86
1.91,7.89,-5.74,-6
1.79,8.02,-4.29,-3.64
1.93,7.82,-5.36,-6.55
1.84,7.93,-6.01,-4.37
1.84,7.77,-4.74,-6.61
1.69,7.86,-3.79,-5.83
1.72,7.75,-6.29,-4.67
1.73,8.02,-7.13,-5.06
1.79,7.91,-3.36,-4.53
1.81,7.86,-4.9,-3.46
1.88,8.1,-5.21,-5.56
1.99,8,-6.85,-4.72
1.91,7.93,-4,-6.56
1.79,8.01,-5.64,-6.32
1.83,8.18,-2.71,-4.53
1.89,7.88,-4.53,-6.42
1.84,8.08,-6.07,-6.3
2.03,7.92,-3.18,-5.93
1.82,7.83,-4.17,-3.09
1.89,8.01,-5.76,-5.98
1.8,7.93,-6.48,-5.48
2.06,8.08,-4.7,-4.12
1.85,8.03,-7.85,-3.86
1.85,8.06,-3.19,-5.42
1.94,7.95,-7.25,-5.95
2.02,8.01,-4.93,-4
1.71,7.73,-5.18,-5.6
1.8,7.93,-3.56,-4.43
2.01,8.03,-5.02,-2.82
1.69,8.06,-4.8,-5.31
2.03,8.11,-4.85,-6.05
1.93,7.86,-6.04,-4.99
2,7.88,-6.13,-5.98
1.93,7.87,-5.72,-7.21
1.92,7.99,-3.38,-5.24
1.94,7.97,-4.14,-5.47
2.09,8.06,-4.95,-3.83
1.78,7.96,-4.56,-5.15
1.91,8.11,-4.61,-5.04
1.94,7.99,-4.57,-4.81
1.85,8.02,-3.7,-5.15
1.74,7.74,-3.76,-4.27
1.78,8.07,-5.85,-5.95
1.81,8.06,-5.4,-5.81
1.92,8.03,-4.97,-5.24
2.02,7.98,-6.08,-5.8
2.11,8.12,-2.66,-2.7
1.91,7.95,-3.64,-5.9
2.1,8.06,-5.75,-7.26
2.02,7.94,-3.24,-5.08
1.94,8.05,-6.09,-4.34
2.01,8.07,-5.83,-3.85
2.02,8,-5.19,-3.54
2.14,8.08,-6.36,-4.7
2.02,7.78,-5.4,-5.91
1.95,8.08,-3.79,-4.51
1.96,8.09,-5.79,-5.59
1.81,8.05,-5.91,-5.46
2.01,7.97,-4.25,-4.67
2.02,8,-2.63,-4.21
2.02,7.9,-6.63,-7.23
2,8.01,-6.33,-5.06
2.09,8.08,-5.88,-5.16
2.01,7.89,-5.59,-3.63
1.98,8.02,-3.76,-5.33
1.94,7.88,-3.96,-2.92
1.62,7.96,-4.79,-6.26
2.01,8.04,-5.11,-5.28
2,8,-4.31,-5.52
2.02,8.02,-5.13,-5.73
2.2,7.99,-6.09,-4.18
2.1,7.94,-4.26,-5.35
2.19,7.92,-4.49,-4.49
1.97,8.06,-3.51,-4.06
2.01,7.9,-4.24,-6.42
2.1,7.99,-5.16,-5.46
2.12,8.05,-3.12,-4.89
2.11,7.95,-5.53,-5.92
2.09,8.01,-5.41,-7.12
2.1,7.95,-4.73,-4.7
2.12,8,-4.5,-4.8
2.1,7.83,-4.22,-6.59
2.15,7.9,-4.75,-6.91
1.87,8.05,-5.25,-6
2.1,8.1,-5.5,-4.64
2.01,8.01,-3.67,-4.93
2.33,8.01,-4.91,-4.72
2.15,7.92,-5.58,-5.3
2.04,7.84,-4.19,-5.01
2.39,7.93,-6.43,-5.16
2.17,8.2,-6.02,-5.67
2.02,8.07,-4.4,-4.02
2.02,8.12,-5.54,-6.22
2.02,8.1,-4.6,-8.16
2.2,8.12,-3.97,-5.42
2.23,7.77,-4.46,-6.29
2.1,7.97,-3.89,-4.51
2.15,8.07,-6.59,-5.53
2.31,8.04,-4.69,-3.11
2.28,8.02,-5.53,-6.06
2.31,7.94,-4.06,-7.61
2.13,7.84,-6.9,-5.26
2.17,7.86,-4.26,-5.36
2.38,7.87,-4.91,-6.08
2.16,8.01,-4.7,-5.96
2.27,7.88,-4.18,-7.45
2.18,7.8,-5.4,-3.76
2.12,7.78,-5.58,-5.02
2.15,7.97,-3.64,-4.74
2.26,7.93,-2.47,-5.13
2.19,7.86,-4.16,-4.23
2.2,7.93,-5.31,-5.68
2,8.08,-4.82,-5.76
2.3,7.97,-5.14,-3.6
2.07,7.9,-5.77,-5.58
2.13,7.89,-6.04,-4.05
2.24,7.85,-5.42,-6.18
2.21,7.88,-4.62,-4.1
2.53,7.83,-5.95,-6.46
2.19,7.93,-4.27,-5.8
2.12,7.92,-5.96,-4.95
2.42,7.92,-4.98,-5.76
2.35,7.74,-6.6,-6.17
2.07,7.9,-5.94,-5.36
2.29,7.91,-4.17,-5.55
2.25,7.97,-4.86,-5.56
2.32,8.02,-4.46,-5.18
2.44,7.88,-5,-5.81
2.13,7.82,-4.9,-3.91
2.33,7.85,-3.5,-5.77
2.28,7.78,-3.64,-6
2.2,7.95,-4.31,-4.74
2.27,7.82,-6.56,-6.4
2.34,7.93,-5.78,-5.71
2.38,8.02,-4.88,-4.86
2.44,7.92,-4.56,-2.76
2.17,7.67,-6.04,-3.77
2.45,7.71,-4.43,-5.3
2.39,7.64,-5.17,-5.24
2.34,7.96,-7.14,-3.36
2.25,7.99,-6.17,-5.48
2.33,7.66,-4.19,-6.01
2.45,7.71,-3.92,-4.07
2.48,7.9,-5.53,-4.17
2.24,7.83,-5.17,-5.77
2.36,7.9,-4.76,-5.97
2.26,7.69,-3.97,-4.68
2.23,7.74,-7.27,-6.99
2.16,7.76,-3.2,-3.68
2.43,7.74,-5.68,-4.41
2.52,7.95,-4.28,-4.8
2.42,7.87,-6.18,-5.23
2.37,7.76,-4.57,-4.65
2.43,7.76,-3.47,-6.55
2.42,7.78,-3.98,-7.38
2.37,7.54,-4.22,-5.33
2.49,7.67,-6.02,-3.89
2.49,7.46,-4.47,-4.78
2.34,7.75,-5.99,-4.21
2.51,7.83,-5.41,-3.46
2.13,7.83,-3.63,-5.99
2.42,7.82,-6.2,-4.47
2.43,7.82,-3.16,-5.83
2.52,7.74,-5.39,-6.43
2.6,7.81,-4.87,-3.77
2.43,7.73,-4.59,-5.7
2.28,7.71,-4.71,-5.28
2.33,7.87,-6.63,-4.14
2.44,7.6,-5.7,-5.58
2.37,7.82,-3.7,-4.39
2.48,7.65,-4.1,-3.36
2.38,7.66,-4.59,-4.69
2.59,7.68,-6.46,-4.65
2.32,7.73,-4.37,-5.32
2.78,7.61,-6,-5.64
2.59,7.7,-5.12,-4.83
2.48,7.72,-6.92,-3.94
2.42,7.67,-4.93,-4.38
2.62,7.67,-5.42,-5.59
2.46,7.56,-6.82,-4.3
2.45,7.67,-3.83,-4.51
2.43,7.68,-4.35,-4.75
2.76,7.57,-5.56,-6.89
2.65,7.6,-6.09,-3.28
2.53,7.55,-5.41,-4.24
2.58,7.61,-5.29,-5.6
2.59,7.68,-5.96,-5.33
2.44,7.6,-5.58,-4.91
2.56,7.61,-4.52,-3.22
2.45,7.67,-5.68,-6.03
2.36,7.63,-4.59,-5.11
2.47,7.57,-3.61,-5.71
2.75,7.48,-4.69,-4.28
2.56,7.5,-5.52,-5.49
2.44,7.66,-6.22,-3.42
2.44,7.53,-5.89,-3.45
2.68,7.51,-4.15,-6.54
2.64,7.36,-4.54,-6.1
2.43,7.43,-5.35,-5.09
2.66,7.35,-5.25,-4.16
2.7,7.63,-6.59,-3.68
2.47,7.56,-5.67,-5.02
2.39,7.54,-5.02,-3.49
2.47,7.4,-4.99,-4.25
2.55,7.52,-4.97,-4.42
2.65,7.45,-5.05,-5.67
2.43,7.4,-4.79,-5.71
2.71,7.43,-4.35,-5.06
2.45,7.48,-3.35,-3.85
2.76,7.43,-6.28,-4.48
2.54,7.49,-4.1,-2.65
2.7,7.46,-5.6,-5.65
2.63,7.6,-5.31,-4.95
2.67,7.47,-4.56,-5.54
2.84,7.54,-5.27,-5.65
2.48,7.54,-4.98,-4.33
2.61,7.49,-5.89,-4.02
2.6,7.53,-3,-3.91
2.75,7.3,-5.26,-6.19
2.47,7.45,-4.69,-4.66
2.64,7.29,-4.19,-5.68
2.72,7.39,-4.34,-2.75
2.6,7.39,-4.6,-5.55
2.85,7.22,-5.83,-4.79
2.63,7.43,-3.8,-5.87
2.65,7.4,-3.88,-4.71
2.65,7.31,-4.14,-5.36
2.71,7.1,-3.73,-3.44
2.67,7.33,-5.01,-5.28
2.73,7.42,-3.64,-6.74
2.71,7.27,-6.78,-4.87
2.81,7.15,-5.9,-4.05
2.92,7.22,-5.11,-3.41
2.81,7.32,-3.61,-4.61
2.73,7.16,-4.18,-5.27
2.89,7.27,-6.5,-3.93
2.79,7.2,-5.07,-6.55
2.72,7.21,-4.37,-5.22
2.68,7.31,-4.45,-5.34
2.74,7.19,-4.62,-3.75
2.66,7.18,-5.12,-6.26
2.89,7.13,-5.21,-5.32
2.76,7.26,-4.01,-6.3
2.76,7.17,-5.4,-5.5
2.83,7.35,-5.11,-5.82
2.63,7.21,-5.08,-5.95
2.98,7.16,-5.09,-6.27
2.73,7.24,-4.26,-4.23
2.84,7.17,-4.45,-3.19
2.89,7.15,-5.03,-5.44
2.66,7.22,-6.15,-6.75
2.86,7.08,-3.97,-4.34
2.82,6.97,-6.33,-3.27
2.83,7.15,-5.78,-6.6
2.88,6.92,-6.21,-3.97
2.84,7.02,-5.42,-6.61
2.8,6.99,-5.78,-6.11
2.81,7.04,-5.02,-4.17
2.79,6.88,-6.28,-5.65
2.92,6.76,-5.87,-4.58
2.73,7,-4.58,-4.55
2.78,7,-5.83,-1.73
2.72,6.95,-4.75,-4.71
2.78,7.16,-2.99,-3.61
2.91,7.07,-3.58,-4.38
2.87,7.04,-3.47,-7.84
2.78,6.89,-5.27,-4.5
2.96,6.98,-4.6,-5.92
2.81,7.02,-4.14,-5.63
3.01,7.19,-4.63,-6.56
2.97,7.15,-4.92,-5.54
2.96,6.85,-7.3,-4.08
2.97,6.96,-6.22,-3.23
2.73,6.84,-4.37,-6.36
2.92,6.71,-5.24,-5.01
2.82,6.95,-5.56,-4.32
3.07,6.81,-5.54,-6.95
3.04,6.77,-3.98,-5.04
2.8,6.86,-4.54,-4.9
2.95,7.02,-4.64,-6.08
2.83,6.72,-6.57,-5.91
2.9,6.83,-5.08,-4.26
2.95,6.78,-4.09,-6.19
2.8,6.75,-6.91,-4.9
2.93,6.79,-5.12,-4.56
2.89,6.68,-4.24,-4.17
3.05,6.62,-6.07,-4.5
3.03,6.85,-3.9,-6.08
2.98,6.81,-5.61,-5.14
2.97,6.58,-4.83,-4.49
2.98,6.93,-5.37,-5.7
2.97,6.58,-4.67,-4.02
2.84,6.63,-6.61,-4.14
2.96,6.81,-5.79,-5.83
2.93,6.69,-6.44,-4.26
2.94,6.68,-5.22,-6.13
3.03,6.7,-5.69,-6.22
2.94,6.68,-5.77,-5.56
2.99,6.85,-3.96,-4.58
2.87,6.54,-3.84,-3.91
3.11,6.68,-3.94,-3.29
3.1,6.64,-5.36,-5.15
2.98,6.73,-5.15,-4.69
2.92,6.49,-5.52,-3.5
2.9,6.71,-2.7,-4.04
2.98,6.69,-5.73,-5.11
3.04,6.74,-4.49,-6.52
2.87,6.58,-5.61,-3.73
2.99,6.42,-4.46,-3.74
2.95,6.56,-4.46,-8.39
2.89,6.39,-5,-6.52
2.89,6.52,-4.43,-5.12
3.07,6.63,-4.98,-4.46
3.18,6.48,-6.18,-4.82
3.1,6.43,-3.75,-4.73
2.91,6.39,-4.32,-2.33
2.91,6.37,-4.45,-3.38
3.05,6.44,-4.25,-6.02
2.95,6.4,-5.23,-5.32
3.01,6.44,-5.95,-6.17
3.07,6.52,-5.23,-4.05
3.09,6.44,-5.94,-6.49
3.06,6.29,-5,-3.83
3.05,6.28,-6,-5.6
3.03,6.31,-3.89,-4.7
3.18,6.28,-7.22,-5.35
3,6.38,-4.93,-3.32
3.06,6.28,-4.49,-3.82
3,6.43,-6.7,-3.58
3.03,6,-4.01,-3.56
2.97,6.34,-4.83,-4.38
3.12,6.38,-5.33,-5.65
3.19,6.39,-4.45,-5.03
3.22,6.2,-5.84,-5.23
3.13,6.08,-6.82,-5.33
3.04,6.13,-6.23,-4.6
3.03,6.1,-5.01,-4.91
3.18,6.15,-4.91,-4.62
3.08,6.01,-5.83,-4.2
3.25,6.22,-5.11,-3.96
3.07,6.12,-3.58,-5.4
3.2,6.06,-4.83,-5.52
2.9,6.22,-5.82,-4.32
3.21,6.03,-5.95,-5.04
3.11,6.12,-5.91,-4.49
3.3,6.28,-4.36,-4.12
3.16,5.89,-6.06,-5.21
3.24,6.11,-5.96,-5.98
2.97,6.07,-4.97,-5.53
3.14,6.17,-2.88,-5.22
3.1,5.85,-4.86,-5.25
3.25,6.04,-5.04,-5.61
3.08,5.89,-3.6,-2.93
3.17,5.96,-4.97,-6.87
3.3,6.02,-5.45,-6.49
3.17,6.02,-4.75,-6.16
3.11,6.04,-5.81,-4.34
3.31,5.89,-4.37,-4.46
3.2,5.91,-3.85,-4.5
3.18,5.73,-5.19,-5.34
3.19,5.78,-3.38,-5.1
3.31,5.84,-3.86,-3.55
3.11,5.86,-6.33,-4.47
3.04,5.99,-5.58,-4.04
3.2,5.66,-5.43,-5.65
3.13,5.98,-3.48,-4.72
3.3,5.73,-5.36,-5.6
3.29,5.72,-6.36,-3.69
3.34,5.62,-3.7,-3.18
3.26,5.71,-5.56,-5.96
3.38,5.47,-4.25,-4.77
3.39,5.63,-2.62,-5.32
3.19,5.89,-4.32,-4.62
3.23,5.78,-6.3,-6.81
3.19,5.78,-6.52,-5.42
3.29,5.62,-5.88,-4.57
3.06,5.74,-6.4,-4.34
3.26,5.62,-4.9,-5.67
3.24,5.48,-3.56,-5.31
3.2,5.64,-3.68,-5.95
3.42,5.41,-3.77,-5.02
3.29,5.62,-6.21,-5.46
3.4,5.61,-3.92,-3.86
3.31,5.7,-4.78,-5.46
3.12,5.4,-6.45,-5.34
3.36,5.39,-5.27,-6.43
3.27,5.46,-4.34,-5.44
3.3,5.56,-6.2,-4.34
3.31,5.58,-2.7,-4.67
3.25,5.55,-4.52,-5.78
3.33,5.29,-3.79,-5.65
3.38,5.28,-5.6,-5.9
3.27,5.43,-5.62,-5.42
3.22,5.39,-4.37,-4.19
3.35,5.34,-6.76,-3.38
3.39,5.43,-3.96,-6.73
3.2,5.55,-6.84,-5.34
3.46,5.39,-4.68,-4.14
3.47,5.5,-5.93,-7.06
3.47,5.14,-5.09,-5.54
3.31,5.44,-4.31,-5.96
3.37,5.25,-4.4,-3.31
3.61,5.28,-5.57,-4.68
3.43,5.22,-4.91,-5.09
3.46,5.27,-5.59,-5.23
3.53,5.16,-4.24,-5.46
3.28,5.25,-5.3,-4.54
3.42,5.21,-5.76,-4.06
3.49,5.29,-4.29,-5.31
3.36,5.24,-4.37,-5.94
3.42,5,-5.12,-5.11
3.56,5.17,-3.45,-6.11
3.49,5.17,-3.58,-5.26
3.42,5.12,-7.07,-5.59
3.42,5.24,-4.37,-3.61
3.41,5.14,-6.11,-5.54
3.54,5.21,-6.44,-5.94
3.37,5.07,-6.1,-3.49
3.53,4.99,-5.91,-7.92
3.51,4.97,-3.9,-3.48
3.54,4.74,-5.35,-4.99
3.61,5.07,-4.11,-4.97
3.31,5.01,-4.57,-6.32
3.46,4.8,-4.52,-5.53
3.52,4.89,-2.62,-4.94
3.46,4.96,-5.98,-4.6
3.39,4.72,-3.99,-5.51
3.56,4.82,-4.92,-4.29
3.61,4.92,-4.32,-4.73
3.55,4.75,-6.65,-4.17
3.51,4.87,-4.73,-4.81
3.65,4.76,-3.78,-3.24
3.5,4.99,-5.31,-5.08
3.46,4.65,-5.34,-4.78
3.67,4.86,-4.74,-5.72
3.58,4.65,-6.13,-4.96
3.81,4.57,-5.6,-6.03
3.65,4.74,-3.17,-3.85
3.52,4.64,-4.47,-4.67
3.55,4.7,-4.86,-5.68
3.36,4.63,-6.02,-6.12
3.53,4.51,-5.36,-3.93
3.52,4.65,-5.06,-5.3
3.58,4.44,-5.32,-4.7
3.45,4.39,-4.46,-5.44
3.65,4.67,-6.5,-4.94
3.58,4.54,-5.52,-4.19
3.65,4.48,-5.53,-5.7
3.61,4.52,-4.85,-5.93
3.64,4.58,-5.3,-4.14
3.77,4.38,-4.78,-5.66
3.71,4.53,-4.6,-5.64
3.65,4.39,-6.21,-5.45
3.69,4.42,-5.41,-6.76
3.55,4.24,-5.31,-5.49
3.64,4.31,-4.07,-5.42
3.6,4.28,-5.96,-5.4
3.55,4.28,-3.96,-5.64
3.47,4.22,-4.89,-5.35
3.76,4.21,-6.59,-5.39
3.81,4.33,-4.29,-5.09
3.75,4.43,-4.33,-4.63
3.63,4.29,-4.09,-4.05
3.59,4.15,-4.91,-4.97
3.57,4.41,-5.3,-4.01
3.67,4.08,-6.52,-4.91
3.63,3.99,-5.43,-4.12
3.68,4.16,-4.31,-5.63
3.61,4.03,-5.61,-4.75
3.76,4.18,-4.52,-3.93
3.72,4.05,-3.71,-6.62
3.52,4.12,-4.48,-5.98
3.59,3.85,-4.32,-5.21
3.71,4.01,-6.11,-5.78
3.63,3.97,-5.41,-3.89
3.52,3.86,-6.13,-5.54
3.78,4.09,-6.64,-3.96
3.92,4.06,-5.02,-3.65
3.88,4.05,-5.04,-5.88
3.78,3.71,-6.35,-3.57
3.82,4,-4.89,-4.09
3.77,3.97,-5.6,-3.82
3.85,3.81,-5.18,-7.32
3.9,3.89,-5.04,-3.79
3.66,3.79,-5.72,-5.92
3.68,3.71,-5.51,-3.75
3.86,3.8,-6.68,-4.66
3.77,3.72,-6,-4.7
3.78,3.86,-5.48,-6.29
3.57,3.74,-4.4,-4.17
3.62,3.81,-5.34,-6.51
3.82,3.5,-3.78,-5.46
3.81,3.73,-4.75,-4.21
3.65,3.53,-4.91,-6.91
3.67,3.85,-4.37,-5.44
3.73,3.72,-5.09,-6.01
3.89,3.62,-5.56,-4.12
3.84,3.63,-4.48,-6.1
3.81,3.55,-5.88,-6.96
3.72,3.51,-6.84,-5.89
3.73,3.58,-6.24,-4.87
3.73,3.36,-5.7,-5.42
3.88,3.51,-2.77,-4.41
3.75,3.46,-6.71,-5.39
3.83,3.49,-4.25,-6.59
3.97,3.43,-5.31,-4.44
3.85,3.47,-4.42,-3.77
3.93,3.29,-4.96,-4.41
3.73,3.53,-5.91,-6.35
4.01,3.26,-4.43,-4.93
3.7,3.15,-4.75,-4.88
4.02,3.39,-5.4,-6.17
3.79,3.17,-5.28,-4.49
3.92,3.28,-5,-6.06
3.76,3.16,-5.35,-4.91
4.02,3.21,-4.12,-4.54
3.79,3.18,-5.31,-3.8
3.92,3.11,-3.72,-5.86
4.11,3.23,-6.13,-3.97
3.95,3.16,-7.57,-5.6
3.88,2.96,-6.25,-4.59
3.87,3.03,-6.05,-5.23
3.74,2.96,-2.89,-3.09
3.84,3.11,-5.81,-4.41
4.02,3.15,-4.38,-4.26
3.92,2.85,-5.32,-2.45
3.93,2.91,-3.44,-5.34
3.95,2.86,-6.71,-5.61
3.91,2.95,-4.61,-5.91
3.8,2.87,-5.09,-4.98
3.7,2.88,-4.57,-4.81
3.86,2.81,-6.28,-5.47
4.08,2.72,-5.95,-6.84
3.84,2.97,-5.34,-4.25
3.95,2.82,-3.27,-4.34
4.02,2.78,-7.21,-4.55
3.7,2.85,-6.66,-4.87
3.81,2.65,-4.01,-5.38
3.9,2.62,-5.15,-4.03
3.86,2.77,-1.63,-5.79
3.92,2.75,-5.73,-6.08
3.91,2.64,-4.99,-4.97
4.02,2.78,-4.9,-5.13
4.11,2.57,-3.79,-4.98
3.96,2.6,-5.25,-4.98
3.84,2.59,-5.67,-5.5
3.82,2.54,-6.48,-5.21
3.83,2.54,-5.57,-5.31
3.96,2.48,-3.92,-5.45
3.95,2.34,-4.9,-6.17
3.84,2.45,-3.79,-5.58
3.96,2.35,-5.05,-4.32
3.89,2.38,-6.14,-3.39
